{"options":{"check_for_updates":true,"comment":null,"compat_foreach":false,"compat_metadata":false,"compat_powerful_this":null,"compat_prototypes":false,"compat_wrappedjsobject":false,"compatopts_for_requires":true,"noframes":null,"override":{"merge_connects":true,"merge_excludes":true,"merge_includes":true,"merge_matches":true,"orig_excludes":[],"orig_includes":["*://wenku.baidu.com/view/*"],"orig_matches":[],"orig_noframes":null,"orig_run_at":"document-idle","use_blockers":[],"use_connects":[],"use_excludes":[],"use_includes":[],"use_matches":[]},"run_at":null,"tab_types":null,"unwrap":null},"settings":{"enabled":true,"position":37},"meta":{"name":"2021新版百度文库威力vip破解加强版，百度文库会员免费解析下载，百度文库文档下载和复制内容，百度文库内容复制+付费原格式文档下载🔥🔥🔥","uuid":"3309db3c-ad28-4555-aa7c-d4836275ae19","modified":1614139342427,"file_url":"https://greasyfork.org/scripts/422091-2021%E6%96%B0%E7%89%88%E7%99%BE%E5%BA%A6%E6%96%87%E5%BA%93%E5%A8%81%E5%8A%9Bvip%E7%A0%B4%E8%A7%A3%E5%8A%A0%E5%BC%BA%E7%89%88-%E7%99%BE%E5%BA%A6%E6%96%87%E5%BA%93%E4%BC%9A%E5%91%98%E5%85%8D%E8%B4%B9%E8%A7%A3%E6%9E%90%E4%B8%8B%E8%BD%BD-%E7%99%BE%E5%BA%A6%E6%96%87%E5%BA%93%E6%96%87%E6%A1%A3%E4%B8%8B%E8%BD%BD%E5%92%8C%E5%A4%8D%E5%88%B6%E5%86%85%E5%AE%B9-%E7%99%BE%E5%BA%A6%E6%96%87%E5%BA%93%E5%86%85%E5%AE%B9%E5%A4%8D%E5%88%B6-%E4%BB%98%E8%B4%B9%E5%8E%9F%E6%A0%BC%E5%BC%8F%E6%96%87%E6%A1%A3%E4%B8%8B%E8%BD%BD/code/2021%E6%96%B0%E7%89%88%E7%99%BE%E5%BA%A6%E6%96%87%E5%BA%93%E5%A8%81%E5%8A%9Bvip%E7%A0%B4%E8%A7%A3%E5%8A%A0%E5%BC%BA%E7%89%88%EF%BC%8C%E7%99%BE%E5%BA%A6%E6%96%87%E5%BA%93%E4%BC%9A%E5%91%98%E5%85%8D%E8%B4%B9%E8%A7%A3%E6%9E%90%E4%B8%8B%E8%BD%BD%EF%BC%8C%E7%99%BE%E5%BA%A6%E6%96%87%E5%BA%93%E6%96%87%E6%A1%A3%E4%B8%8B%E8%BD%BD%E5%92%8C%E5%A4%8D%E5%88%B6%E5%86%85%E5%AE%B9%EF%BC%8C%E7%99%BE%E5%BA%A6%E6%96%87%E5%BA%93%E5%86%85%E5%AE%B9%E5%A4%8D%E5%88%B6+%E4%BB%98%E8%B4%B9%E5%8E%9F%E6%A0%BC%E5%BC%8F%E6%96%87%E6%A1%A3%E4%B8%8B%E8%BD%BD%F0%9F%94%A5%F0%9F%94%A5%F0%9F%94%A5.user.js"}}