{"options":{"check_for_updates":true,"comment":null,"compat_foreach":false,"compat_metadata":false,"compat_powerful_this":null,"compat_prototypes":false,"compat_wrappedjsobject":false,"compatopts_for_requires":true,"noframes":null,"override":{"merge_connects":true,"merge_excludes":true,"merge_includes":true,"merge_matches":true,"orig_connects":[],"orig_excludes":[],"orig_includes":[],"orig_matches":["https://cqrl.21tb.com/*"],"orig_noframes":null,"orig_run_at":"document-idle","use_blockers":[],"use_connects":[],"use_excludes":[],"use_includes":[],"use_matches":[]},"run_at":null,"tab_types":null,"unwrap":null},"settings":{"enabled":false,"position":91},"meta":{"name":"2022年重庆专业技术人员继续教育公需科目","uuid":"f49de38f-41b9-45de-ab1e-3b68efdc6a94","modified":1660536636185,"file_url":"https://greasyfork.org/scripts/449274-2022%E5%B9%B4%E9%87%8D%E5%BA%86%E4%B8%93%E4%B8%9A%E6%8A%80%E6%9C%AF%E4%BA%BA%E5%91%98%E7%BB%A7%E7%BB%AD%E6%95%99%E8%82%B2%E5%85%AC%E9%9C%80%E7%A7%91%E7%9B%AE/code/2022%E5%B9%B4%E9%87%8D%E5%BA%86%E4%B8%93%E4%B8%9A%E6%8A%80%E6%9C%AF%E4%BA%BA%E5%91%98%E7%BB%A7%E7%BB%AD%E6%95%99%E8%82%B2%E5%85%AC%E9%9C%80%E7%A7%91%E7%9B%AE.user.js"}}