{"options":{"check_for_updates":true,"comment":null,"compat_foreach":false,"compat_metadata":false,"compat_powerful_this":null,"compat_prototypes":false,"compat_wrappedjsobject":false,"compatopts_for_requires":true,"noframes":null,"override":{"merge_connects":true,"merge_excludes":true,"merge_includes":true,"merge_matches":true,"orig_connects":[],"orig_excludes":[],"orig_includes":["http://*.91huayi.com/"],"orig_matches":[],"orig_noframes":null,"orig_run_at":"document-idle","use_blockers":[],"use_connects":[],"use_excludes":[],"use_includes":[],"use_matches":[]},"run_at":null,"tab_types":null,"unwrap":null},"settings":{"enabled":false,"position":80},"meta":{"name":"2022华医网学习助手","uuid":"94f52f67-0f3b-4ab7-88eb-ea98c240fe1d","modified":1655511650853,"file_url":"https://greasyfork.org/scripts/446510-2022%E5%8D%8E%E5%8C%BB%E7%BD%91%E5%AD%A6%E4%B9%A0%E5%8A%A9%E6%89%8B/code/2022%E5%8D%8E%E5%8C%BB%E7%BD%91%E5%AD%A6%E4%B9%A0%E5%8A%A9%E6%89%8B.user.js"}}