{"options":{"check_for_updates":true,"comment":null,"compat_foreach":false,"compat_metadata":false,"compat_powerful_this":null,"compat_prototypes":false,"compat_wrappedjsobject":false,"compatopts_for_requires":true,"noframes":null,"override":{"merge_connects":true,"merge_excludes":true,"merge_includes":true,"merge_matches":true,"orig_excludes":[],"orig_includes":["*"],"orig_matches":[],"orig_noframes":null,"orig_run_at":"document-start","use_blockers":[],"use_connects":[],"use_excludes":[],"use_includes":[],"use_matches":[]},"run_at":null,"tab_types":null,"unwrap":null},"settings":{"enabled":true,"position":9},"meta":{"name":"Add button for Smooth Scroll to the top / bottom","uuid":"4479cc1b-5a6e-4716-9bc7-709e895dbb7d","modified":1597111975934,"file_url":"https://greasyfork.org/scripts/8719-add-button-for-smooth-scroll-to-the-top-bottom/code/Add%20button%20for%20Smooth%20Scroll%20to%20the%20top%20%20bottom.user.js"}}