{"options":{"check_for_updates":true,"comment":null,"compat_foreach":false,"compat_metadata":false,"compat_powerful_this":null,"compat_wrappedjsobject":false,"compatopts_for_requires":true,"noframes":null,"override":{"merge_connects":true,"merge_excludes":true,"merge_includes":true,"merge_matches":true,"orig_connects":["baidu.com","baidupcs.com","lc-cn-n1-shared.com"],"orig_excludes":[],"orig_includes":[],"orig_matches":["http*://yun.baidu.com/s/*","https://pan.baidu.com/s/*","https://pan.baidu.com/play/video*","https://pan.baidu.com/mbox/streampage*"],"orig_noframes":null,"orig_run_at":"document-idle","use_blockers":[],"use_connects":[],"use_excludes":[],"use_includes":[],"use_matches":[]},"run_at":null,"sandbox":null,"tab_types":null,"unwrap":null},"settings":{"enabled":true,"position":70},"meta":{"name":"BD网盘视频播放器","uuid":"ddf943e1-758e-4926-a117-6fcf281e413d","modified":1678440796501,"file_url":"https://greasyfork.org/scripts/441747-%E7%99%BE%E5%BA%A6%E7%BD%91%E7%9B%98%E8%A7%86%E9%A2%91%E6%92%AD%E6%94%BE%E5%99%A8/code/%E7%99%BE%E5%BA%A6%E7%BD%91%E7%9B%98%E8%A7%86%E9%A2%91%E6%92%AD%E6%94%BE%E5%99%A8.user.js"}}