{"options":{"check_for_updates":true,"comment":null,"compat_foreach":false,"compat_metadata":false,"compat_powerful_this":null,"compat_prototypes":false,"compat_wrappedjsobject":false,"compatopts_for_requires":true,"noframes":null,"override":{"merge_connects":true,"merge_excludes":true,"merge_includes":true,"merge_matches":true,"orig_connects":[],"orig_excludes":[],"orig_includes":[],"orig_matches":["https://blog.csdn.net/*"],"orig_noframes":null,"orig_run_at":"document-end","use_blockers":[],"use_connects":[],"use_excludes":[],"use_includes":[],"use_matches":[]},"run_at":null,"tab_types":null,"unwrap":null},"settings":{"enabled":true,"position":85},"meta":{"name":"CSDN复制解禁","uuid":"59ee8860-2ff7-4425-9e17-e9666cea0dd7","modified":1658832458646,"file_url":"https://greasyfork.org/scripts/448414-csdn%E5%A4%8D%E5%88%B6%E8%A7%A3%E7%A6%81/code/CSDN%E5%A4%8D%E5%88%B6%E8%A7%A3%E7%A6%81.user.js"}}