{"options":{"check_for_updates":true,"comment":null,"compat_foreach":false,"compat_metadata":false,"compat_powerful_this":null,"compat_prototypes":false,"compat_wrappedjsobject":false,"compatopts_for_requires":true,"noframes":null,"override":{"merge_connects":true,"merge_excludes":true,"merge_includes":true,"merge_matches":true,"orig_connects":[],"orig_excludes":[],"orig_includes":[],"orig_matches":["*www.ddnsto.com/*"],"orig_noframes":null,"orig_run_at":"document-end","use_blockers":[],"use_connects":[],"use_excludes":[],"use_includes":[],"use_matches":[]},"run_at":null,"tab_types":null,"unwrap":null},"settings":{"enabled":false,"position":73},"meta":{"name":"DDNSTO自动续期","uuid":"0745536d-d706-4b9d-b935-9dd190539591","modified":1651139043519,"file_url":"https://greasyfork.org/scripts/431608-ddnsto%E8%87%AA%E5%8A%A8%E7%BB%AD%E6%9C%9F/code/DDNSTO%E8%87%AA%E5%8A%A8%E7%BB%AD%E6%9C%9F.user.js"}}