{"options":{"check_for_updates":true,"comment":null,"compat_foreach":false,"compat_metadata":false,"compat_powerful_this":null,"compat_wrappedjsobject":false,"compatopts_for_requires":true,"noframes":null,"override":{"merge_connects":true,"merge_excludes":true,"merge_includes":true,"merge_matches":true,"orig_connects":[],"orig_excludes":[],"orig_includes":[],"orig_matches":["*://github.com/*","*://kgithub.com/*","*://hub.fgit.ml/*","*://hub.fgit.gq/*","*://github.nite07.com/*"],"orig_noframes":null,"orig_run_at":"document-end","use_blockers":[],"use_connects":[],"use_excludes":[],"use_includes":[],"use_matches":[]},"run_at":null,"sandbox":"JavaScript","tab_types":null,"unwrap":null},"settings":{"enabled":false,"position":75},"meta":{"name":"Github 增强 - 高速下载","uuid":"0217ed8e-1068-4f28-b6a4-2d76e5fe8dde","modified":1678589788209,"file_url":"https://greasyfork.org/scripts/412245-github-%E5%A2%9E%E5%BC%BA-%E9%AB%98%E9%80%9F%E4%B8%8B%E8%BD%BD/code/Github%20%E5%A2%9E%E5%BC%BA%20-%20%E9%AB%98%E9%80%9F%E4%B8%8B%E8%BD%BD.user.js"}}