{"options":{"check_for_updates":true,"comment":null,"compat_foreach":false,"compat_metadata":false,"compat_powerful_this":null,"compat_prototypes":false,"compat_wrappedjsobject":true,"compatopts_for_requires":true,"noframes":null,"override":{"merge_connects":true,"merge_excludes":true,"merge_includes":true,"merge_matches":true,"orig_excludes":[],"orig_includes":["*"],"orig_matches":[],"orig_noframes":null,"orig_run_at":"document-idle","use_blockers":[],"use_connects":[],"use_excludes":[],"use_includes":[],"use_matches":[]},"run_at":null,"tab_types":null,"unwrap":null},"settings":{"enabled":false,"position":64},"meta":{"name":"Greasemonkey Mouse Gestures","uuid":"0493a326-b3a2-4793-ac69-916cb86f66aa","modified":1641179712114,"file_url":"https://greasyfork.org/scripts/27289-greasemonkey-mouse-gestures/code/Greasemonkey%20Mouse%20Gestures.user.js"}}