{"options":{"check_for_updates":true,"comment":null,"compat_foreach":false,"compat_metadata":false,"compat_powerful_this":null,"compat_prototypes":false,"compat_wrappedjsobject":false,"compatopts_for_requires":true,"noframes":null,"override":{"merge_connects":true,"merge_excludes":true,"merge_includes":true,"merge_matches":true,"orig_excludes":[],"orig_includes":[],"orig_matches":["*://www.jiumodiary.com/*"],"orig_noframes":null,"orig_run_at":"document-idle","use_blockers":[],"use_connects":[],"use_excludes":[],"use_includes":[],"use_matches":[]},"run_at":null,"tab_types":null,"unwrap":null},"settings":{"enabled":false,"position":31},"meta":{"name":"jiumo鸠摩搜书免关注","uuid":"46f438e0-0e13-41b5-ae07-52acf3c05dcc","modified":1612757037781,"file_url":"https://greasyfork.org/scripts/420725-jiumo%E9%B8%A0%E6%91%A9%E6%90%9C%E4%B9%A6%E5%85%8D%E5%85%B3%E6%B3%A8/code/jiumo%E9%B8%A0%E6%91%A9%E6%90%9C%E4%B9%A6%E5%85%8D%E5%85%B3%E6%B3%A8.user.js"}}