{"options":{"check_for_updates":true,"comment":null,"compat_foreach":false,"compat_metadata":false,"compat_powerful_this":null,"compat_prototypes":false,"compat_wrappedjsobject":false,"compatopts_for_requires":true,"noframes":null,"override":{"merge_connects":true,"merge_excludes":true,"merge_includes":true,"merge_matches":true,"orig_connects":["*"],"orig_excludes":[],"orig_includes":[],"orig_matches":["*://*/*"],"orig_noframes":null,"orig_run_at":"document-start","use_blockers":[],"use_connects":[],"use_excludes":[],"use_includes":[],"use_matches":[]},"run_at":null,"tab_types":null,"unwrap":null},"settings":{"enabled":false,"position":92},"meta":{"name":"m3u8视频侦测下载器【自动嗅探】","uuid":"4d5b6ed8-0e7b-4cfc-9d8a-a01f5186523d","modified":1661075525237,"file_url":"https://greasyfork.org/scripts/449581-m3u8%E8%A7%86%E9%A2%91%E4%BE%A6%E6%B5%8B%E4%B8%8B%E8%BD%BD%E5%99%A8-%E8%87%AA%E5%8A%A8%E5%97%85%E6%8E%A2/code/m3u8%E8%A7%86%E9%A2%91%E4%BE%A6%E6%B5%8B%E4%B8%8B%E8%BD%BD%E5%99%A8%E3%80%90%E8%87%AA%E5%8A%A8%E5%97%85%E6%8E%A2%E3%80%91.user.js"}}