{"ts":1673097514292,"data":{"_ns_nt_last_clear_time":"n1602950399000","_ns_nt_last_get_spam_time":"n1602921600000","_ns_nt_last_news_reads":"o{\"413588\":0}","_ns_nt_last_time":"n1602881147000","_ns_nt_reads":"o{\"413582\":1,\"413583\":1,\"413584\":1}","_ns_nt_setting_check_freq_last_time":"n1602910507473","_ns_nt_setting_keyword_black":"s捐卵\n供卵\n借卵\n代孕\n代妈\n专业出黑科\n蹇猪猪\n包生男孩\n华纳网投开户\n网上赌被黑\n","_ns_nt_silent_mode":"son","_ns_nt_silent_mode_tips_off":"n1","_ns_nt_spam_scripts":"o{\"MooMoo.io Bots\":1602907433043,\"Diep.io Leader Locator By Shadam - Private\":1602907433043,\"Updated Diep.Style\":1602907431058,\"迅雷会员，迅雷vip，迅雷白金超会帐号密码\":1602907433043,\"bilibili哔哩哔哩会员，哔哩哔哩vip，哔哩哔哩视频下载器弹幕下载字幕下载，b站大会员(゜-゜)つロ 干杯~，AcFun/A站vip\":1602907433043,\"网易云音乐会员，网易云音乐vip，网易云音乐黑胶vip，网易云音乐帐号密码qq音乐帐号密码\":1602907433043,\"百度网盘vip，百度网盘svip，百度网盘会员免费获取\":1602907433043,\"全网图库素材VIP高速下载，千图网/千库网/包图网/摄图网/昵图网/90设计/觅元素/我图网/17素材/稻壳儿/图品汇\":1602907433043,\"百度文库会员，百度文库vip豆丁文档vip，百度文库帐号密码\":1602907433043,\"广州试管代生男孩机构\":1602907431059,\"上海供卵试管包男孩流程\":1602907431059,\"北京试管供卵包生男孩费用\":1602907431059,\"杭州试管生孩子包出生流程\":1602907431059,\"杭州试管供卵选性别机构\":1602907431059,\"成都试管借卵包生男孩\":1602907431059,\"南京试管借卵生孩子机构\":1602907431059,\"重庆三代试管包男孩费用\":1602907431059,\"武汉试管生孩子包出生流程\":1602907431059,\"西安供卵生孩子包出生机构\":1602907431059,\"苏州试管供卵包男孩价格\":1602907431059,\"天津试管借卵生孩子机构\":1602907431060,\"成都试管供卵生孩子包男孩\":1602907431060,\"福建试管供卵生孩子包男孩\":1602907431060,\"青岛试管供卵生孩子机构\":1602907431060,\"贵阳试管供卵包生男孩\":1602907431060,\"长沙试管选性别包生男孩机构\":1602907431060,\"供卵试管生孩子包怀孕多少钱\":1602907431060,\"广州供卵试管婴儿机构\":1602907431060,\"供卵试管生孩子选男孩费用多少\":1602907431060,\"深圳试管选男孩机构\":1602907431060,\"广州供卵试管助孕机构\":1602907431060,\"深圳试管供卵助孕生孩子机构\":1602907431060,\"三代试管代孕生孩子包男孩费用\":1602907431060,\"福建试管供卵机构\":1602907431060,\"供卵试管生孩子包怀上\":1602907431060,\"供卵试管代生男孩机构\":1602907431060,\"试管供卵生孩子机构包怀上\":1602907431060,\"长沙借卵试管生孩子\":1602907431060,\"合肥试管供卵生孩子医院\":1602907431060,\"沈阳试管供卵医院\":1602907431060,\"哪里做试管婴儿包生男孩\":1602907431060,\"西安试管供卵生孩子医院\":1602907431061,\"借卵试管助孕机构\":1602907431061,\"供卵生孩子代怀孕费用\":1602907431061,\"试管供卵代生男孩中心\":1602907431061,\"深圳试管供卵选男孩\":1602907431061,\"试管供卵生孩子选男孩费用多少\":1602907431061,\"贵阳试管供卵选性别包生男孩\":1602907431061,\"试管供卵代孕包成功费用多少\":1602907431061,\"供卵试管代孕生孩子选男孩费用\":1602907431061,\"大连试管供卵机构包生男孩\":1602907431061,\"深圳试管供卵生孩子包怀上\":1602907431061,\"借卵试管生孩子包出生费用\":1602907431061,\"深圳三代试管包生男孩费用多少\":1602907431061,\"温州试管供卵生孩子医院\":1602907431061,\"长沙试管借卵生孩子多少钱\":1602907431061,\"厦门试管婴儿包生男孩医院\":1602907431061,\"惠州供卵试管生孩子机构\":1602907431061,\"海口试管供卵医院\":1602907431061,\"宁波供卵试管包生男孩\":1602907431061,\"苏州试管供卵生孩子医院\":1602907431062,\"长沙供卵生孩子需要多少钱\":1602907433041,\"南京试管选性别包生男孩医院\":1602907433041,\"借卵试管生孩子需要多少钱\":1602907433041,\"福建三代试管包生男孩费用\":1602907433041,\"重庆试管供卵机构\":1602907433041,\"广州试管借卵生孩子需要多少钱\":1602907433041,\"哪里做试管包生男孩\":1602907433041,\"深圳借卵生孩子机构\":1602907433041,\"海口供卵试管机构\":1602907433041,\"试管选性别包生男孩医院\":1602907433042,\"试管供卵选性别包生男孩费用\":1602907433042,\"东莞试管供卵生孩子包男孩\":1602907433042,\"贵阳试管供卵包生男孩机构\":1602907433042,\"试管借卵生孩子费用\":1602907433042,\"第三代试管包生男孩费用多少\":1602907433042,\"深圳供卵试管婴儿\":1602907433042,\"宁波试管供卵医院\":1602907433042,\"哪里做试管供卵生孩子包怀孕\":1602907433042,\"试管借卵生孩子包怀上\":1602907433042,\"三代试管包生男孩机构\":1602907433042,\"油猴插件安装(Tampermonkey Installer)(免翻墙)\":1602907433042,\"DT Pushbots (Fixed) - For Patrons Only\":1602907433042,\"Nitro Type Car Hack _ Literally get ALL the cars\":1602907433042,\"这里可移除大力盘关注公众号\":1602907433042,\"移除PC大力盘关注公众号\":1602907433043,\"直接移除大力盘关注公众号\":1602907433043,\"Diep.io Leader Locator - No Auth\":1602907433043}","_ns_nt_store_data":"o[{\"id\":413588,\"created_at\":\"2020-10-17T04:45:47.000Z\",\"daily_installs\":0,\"total_installs\":0,\"code_updated_at\":\"2020-10-17T04:49:56.000Z\",\"support_url\":null,\"fan_score\":\"0.0\",\"namespace\":\"http://tampermonkey.net/\",\"contribution_url\":null,\"contribution_amount\":null,\"good_ratings\":0,\"ok_ratings\":0,\"bad_ratings\":0,\"users\":[{\"id\":434097,\"name\":\"cccccchin\",\"url\":\"https://greasyfork.org/users/434097-cccccchin\"}],\"name\":\"豆瓣评分人数展示\",\"description\":\"豆瓣网页版 选电影和电视剧TAB 新增评分人数、观看状态标签、去广告\",\"url\":\"https://greasyfork.org/scripts/413588-%E8%B1%86%E7%93%A3%E8%AF%84%E5%88%86%E4%BA%BA%E6%95%B0%E5%B1%95%E7%A4%BA\",\"code_url\":\"https://greasyfork.org/scripts/413588-%E8%B1%86%E7%93%A3%E8%AF%84%E5%88%86%E4%BA%BA%E6%95%B0%E5%B1%95%E7%A4%BA/code/%E8%B1%86%E7%93%A3%E8%AF%84%E5%88%86%E4%BA%BA%E6%95%B0%E5%B1%95%E7%A4%BA.user.js\",\"license\":null,\"version\":\"1.0\",\"locale\":\"zh-CN\",\"deleted\":false,\"is_new\":0,\"is_update\":0},{\"id\":413584,\"created_at\":\"2020-10-17T02:34:30.000Z\",\"daily_installs\":2,\"total_installs\":2,\"code_updated_at\":\"2020-10-17T02:34:30.000Z\",\"support_url\":null,\"fan_score\":\"5.0\",\"namespace\":\"carvxv2989\",\"contribution_url\":null,\"contribution_amount\":null,\"good_ratings\":0,\"ok_ratings\":0,\"bad_ratings\":0,\"users\":[{\"id\":695755,\"name\":\"yjqefendao\",\"url\":\"https://greasyfork.org/users/695755-yjqefendao\"}],\"name\":\"优酷会员，优酷vip，youku优酷黄金帐号密码\",\"description\":\"优酷vip，youku优酷黄金帐号密码，优酷会员免费得\",\"url\":\"https://greasyfork.org/scripts/413584-%E4%BC%98%E9%85%B7%E4%BC%9A%E5%91%98-%E4%BC%98%E9%85%B7vip-youku%E4%BC%98%E9%85%B7%E9%BB%84%E9%87%91%E5%B8%90%E5%8F%B7%E5%AF%86%E7%A0%81\",\"code_url\":\"https://greasyfork.org/scripts/413584-%E4%BC%98%E9%85%B7%E4%BC%9A%E5%91%98-%E4%BC%98%E9%85%B7vip-youku%E4%BC%98%E9%85%B7%E9%BB%84%E9%87%91%E5%B8%90%E5%8F%B7%E5%AF%86%E7%A0%81/code/%E4%BC%98%E9%85%B7%E4%BC%9A%E5%91%98%EF%BC%8C%E4%BC%98%E9%85%B7vip%EF%BC%8Cyouku%E4%BC%98%E9%85%B7%E9%BB%84%E9%87%91%E5%B8%90%E5%8F%B7%E5%AF%86%E7%A0%81.user.js\",\"license\":null,\"version\":\"3.4.8\",\"locale\":\"zh-CN\",\"deleted\":false,\"is_new\":0,\"is_update\":0},{\"id\":413583,\"created_at\":\"2020-10-17T02:31:19.000Z\",\"daily_installs\":2,\"total_installs\":2,\"code_updated_at\":\"2020-10-17T02:31:18.000Z\",\"support_url\":null,\"fan_score\":\"5.0\",\"namespace\":\"hmtsfg8834\",\"contribution_url\":null,\"contribution_amount\":null,\"good_ratings\":0,\"ok_ratings\":0,\"bad_ratings\":0,\"users\":[{\"id\":695755,\"name\":\"yjqefendao\",\"url\":\"https://greasyfork.org/users/695755-yjqefendao\"}],\"name\":\"喜马拉雅会员，喜马拉雅vip，喜马拉雅听书vip，喜马拉雅帐号密码蜻蜓FM帐号密码懒人听书帐号密码\",\"description\":\"喜马拉雅会员，喜马拉雅听书vip，喜马拉雅帐号免费获取，喜马拉雅会员FM会员蜻蜓FM会员听FM听广播听少儿故事少儿节目学前英语少儿绘本科普少儿音乐文学卡通有声读物\",\"url\":\"https://greasyfork.org/scripts/413583-%E5%96%9C%E9%A9%AC%E6%8B%89%E9%9B%85%E4%BC%9A%E5%91%98-%E5%96%9C%E9%A9%AC%E6%8B%89%E9%9B%85vip-%E5%96%9C%E9%A9%AC%E6%8B%89%E9%9B%85%E5%90%AC%E4%B9%A6vip-%E5%96%9C%E9%A9%AC%E6%8B%89%E9%9B%85%E5%B8%90%E5%8F%B7%E5%AF%86%E7%A0%81%E8%9C%BB%E8%9C%93fm%E5%B8%90%E5%8F%B7%E5%AF%86%E7%A0%81%E6%87%92%E4%BA%BA%E5%90%AC%E4%B9%A6%E5%B8%90%E5%8F%B7%E5%AF%86%E7%A0%81\",\"code_url\":\"https://greasyfork.org/scripts/413583-%E5%96%9C%E9%A9%AC%E6%8B%89%E9%9B%85%E4%BC%9A%E5%91%98-%E5%96%9C%E9%A9%AC%E6%8B%89%E9%9B%85vip-%E5%96%9C%E9%A9%AC%E6%8B%89%E9%9B%85%E5%90%AC%E4%B9%A6vip-%E5%96%9C%E9%A9%AC%E6%8B%89%E9%9B%85%E5%B8%90%E5%8F%B7%E5%AF%86%E7%A0%81%E8%9C%BB%E8%9C%93fm%E5%B8%90%E5%8F%B7%E5%AF%86%E7%A0%81%E6%87%92%E4%BA%BA%E5%90%AC%E4%B9%A6%E5%B8%90%E5%8F%B7%E5%AF%86%E7%A0%81/code/%E5%96%9C%E9%A9%AC%E6%8B%89%E9%9B%85%E4%BC%9A%E5%91%98%EF%BC%8C%E5%96%9C%E9%A9%AC%E6%8B%89%E9%9B%85vip%EF%BC%8C%E5%96%9C%E9%A9%AC%E6%8B%89%E9%9B%85%E5%90%AC%E4%B9%A6vip%EF%BC%8C%E5%96%9C%E9%A9%AC%E6%8B%89%E9%9B%85%E5%B8%90%E5%8F%B7%E5%AF%86%E7%A0%81%E8%9C%BB%E8%9C%93FM%E5%B8%90%E5%8F%B7%E5%AF%86%E7%A0%81%E6%87%92%E4%BA%BA%E5%90%AC%E4%B9%A6%E5%B8%90%E5%8F%B7%E5%AF%86%E7%A0%81.user.js\",\"license\":null,\"version\":\"2.1.2\",\"locale\":\"zh-CN\",\"deleted\":false,\"is_new\":0,\"is_update\":0},{\"id\":413582,\"created_at\":\"2020-10-17T02:29:19.000Z\",\"daily_installs\":2,\"total_installs\":2,\"code_updated_at\":\"2020-10-17T02:29:18.000Z\",\"support_url\":null,\"fan_score\":\"5.0\",\"namespace\":\"wqkiod5699\",\"contribution_url\":null,\"contribution_amount\":null,\"good_ratings\":0,\"ok_ratings\":0,\"bad_ratings\":0,\"users\":[{\"id\":695755,\"name\":\"yjqefendao\",\"url\":\"https://greasyfork.org/users/695755-yjqefendao\"}],\"name\":\"天眼查vip，天眼查会员账号/企查查会员帐号，天眼查企业帐号密码\",\"description\":\"天眼查会员vip帐号密码免费领取\",\"url\":\"https://greasyfork.org/scripts/413582-%E5%A4%A9%E7%9C%BC%E6%9F%A5vip-%E5%A4%A9%E7%9C%BC%E6%9F%A5%E4%BC%9A%E5%91%98%E8%B4%A6%E5%8F%B7-%E4%BC%81%E6%9F%A5%E6%9F%A5%E4%BC%9A%E5%91%98%E5%B8%90%E5%8F%B7-%E5%A4%A9%E7%9C%BC%E6%9F%A5%E4%BC%81%E4%B8%9A%E5%B8%90%E5%8F%B7%E5%AF%86%E7%A0%81\",\"code_url\":\"https://greasyfork.org/scripts/413582-%E5%A4%A9%E7%9C%BC%E6%9F%A5vip-%E5%A4%A9%E7%9C%BC%E6%9F%A5%E4%BC%9A%E5%91%98%E8%B4%A6%E5%8F%B7-%E4%BC%81%E6%9F%A5%E6%9F%A5%E4%BC%9A%E5%91%98%E5%B8%90%E5%8F%B7-%E5%A4%A9%E7%9C%BC%E6%9F%A5%E4%BC%81%E4%B8%9A%E5%B8%90%E5%8F%B7%E5%AF%86%E7%A0%81/code/%E5%A4%A9%E7%9C%BC%E6%9F%A5vip%EF%BC%8C%E5%A4%A9%E7%9C%BC%E6%9F%A5%E4%BC%9A%E5%91%98%E8%B4%A6%E5%8F%B7%E4%BC%81%E6%9F%A5%E6%9F%A5%E4%BC%9A%E5%91%98%E5%B8%90%E5%8F%B7%EF%BC%8C%E5%A4%A9%E7%9C%BC%E6%9F%A5%E4%BC%81%E4%B8%9A%E5%B8%90%E5%8F%B7%E5%AF%86%E7%A0%81.user.js\",\"license\":null,\"version\":\"4.2.7\",\"locale\":\"zh-CN\",\"deleted\":false,\"is_new\":0,\"is_update\":0}]"}}