{"options":{"check_for_updates":true,"comment":null,"compat_foreach":false,"compat_metadata":false,"compat_powerful_this":null,"compat_prototypes":false,"compat_wrappedjsobject":false,"compatopts_for_requires":true,"noframes":null,"override":{"merge_connects":true,"merge_excludes":true,"merge_includes":true,"merge_matches":true,"orig_connects":["greasyfork.org"],"orig_excludes":[],"orig_includes":[],"orig_matches":["*://*/*"],"orig_noframes":true,"orig_run_at":"document-idle","use_blockers":[],"use_connects":[],"use_excludes":[],"use_includes":[],"use_matches":[]},"run_at":null,"tab_types":null,"unwrap":null},"settings":{"enabled":false,"position":17},"meta":{"name":"NewScript+ : 新脚本通知，不错过任何一个好脚本","uuid":"4ca50de1-40f3-43b3-812d-bce3bcd6b608","modified":1652254007330,"file_url":"https://greasyfork.org/scripts/412611-newscript-%E6%96%B0%E8%84%9A%E6%9C%AC%E9%80%9A%E7%9F%A5-%E4%B8%8D%E9%94%99%E8%BF%87%E4%BB%BB%E4%BD%95%E4%B8%80%E4%B8%AA%E5%A5%BD%E8%84%9A%E6%9C%AC-new-script-notification-do-not-miss-any-good-script-by-wish-king/code/NewScript+%20:%20%E6%96%B0%E8%84%9A%E6%9C%AC%E9%80%9A%E7%9F%A5%EF%BC%8C%E4%B8%8D%E9%94%99%E8%BF%87%E4%BB%BB%E4%BD%95%E4%B8%80%E4%B8%AA%E5%A5%BD%E8%84%9A%E6%9C%AC%20New%20script%20notification,%20do%20not%20miss%20any%20good%20script%20by%20wish%20king.user.js"}}