{"options":{"check_for_updates":true,"comment":null,"compat_foreach":false,"compat_metadata":false,"compat_powerful_this":null,"compat_wrappedjsobject":false,"compatopts_for_requires":true,"noframes":null,"override":{"merge_connects":true,"merge_excludes":true,"merge_includes":true,"merge_matches":true,"orig_connects":["wedata.net","githubusercontent.com","ghproxy.com","hoothin.github.io","*"],"orig_excludes":[],"orig_includes":[],"orig_matches":["*://*/*"],"orig_noframes":null,"orig_run_at":"document-idle","use_blockers":[],"use_connects":[],"use_excludes":[],"use_includes":[],"use_matches":[]},"run_at":null,"sandbox":null,"tab_types":null,"unwrap":null},"settings":{"enabled":true,"position":104},"meta":{"name":"Pagetual","uuid":"4142e544-8513-4d2c-a5e1-c0ec1dd421c7","modified":1678589710024,"file_url":"https://greasyfork.org/scripts/438684-pagetual/code/Pagetual.user.js"}}