{"options":{"check_for_updates":true,"comment":null,"compat_foreach":false,"compat_metadata":false,"compat_powerful_this":null,"compat_prototypes":false,"compat_wrappedjsobject":false,"compatopts_for_requires":true,"noframes":null,"override":{"merge_connects":true,"merge_excludes":true,"merge_includes":true,"merge_matches":true,"orig_connects":["*","xunlei.com","aliyundrive.com","jianguoyun.com","teracloud.jp"],"orig_excludes":[],"orig_includes":[],"orig_matches":["http*://pan.baidu.com/*","http*://yun.baidu.com/*","https://pan.xunlei.com/*","https://www.aliyundrive.com/*"],"orig_noframes":null,"orig_run_at":"document-body","use_blockers":[],"use_connects":[],"use_excludes":[],"use_includes":[],"use_matches":[]},"run_at":null,"tab_types":null,"unwrap":null},"settings":{"enabled":false,"position":66},"meta":{"name":"PotPlayer播放云盘视频","uuid":"e05d3f38-b2f9-4034-b2e8-d7cc2304f5e0","modified":1665310079842,"file_url":"https://greasyfork.org/scripts/441338-potplayer%E6%92%AD%E6%94%BE%E4%BA%91%E7%9B%98%E8%A7%86%E9%A2%91/code/PotPlayer%E6%92%AD%E6%94%BE%E4%BA%91%E7%9B%98%E8%A7%86%E9%A2%91.user.js"}}