{"options":{"check_for_updates":true,"comment":null,"compat_foreach":false,"compat_metadata":false,"compat_powerful_this":null,"compat_prototypes":false,"compat_wrappedjsobject":false,"compatopts_for_requires":true,"noframes":null,"override":{"merge_connects":true,"merge_excludes":true,"merge_includes":true,"merge_matches":true,"orig_connects":[],"orig_excludes":[],"orig_includes":[],"orig_matches":["https://pubmed.ncbi.nlm.nih.gov/?term*"],"orig_noframes":null,"orig_run_at":"document-idle","use_blockers":[],"use_connects":[],"use_excludes":[],"use_includes":[],"use_matches":[]},"run_at":null,"tab_types":null,"unwrap":null},"settings":{"enabled":true,"position":94},"meta":{"name":"PubMed文献批量下载","uuid":"a5af9f91-2763-4ee7-81e8-ef73dd87bb41","modified":1664187201466,"file_url":"https://greasyfork.org/scripts/451061-pubmed%E6%96%87%E7%8C%AE%E6%89%B9%E9%87%8F%E4%B8%8B%E8%BD%BD/code/PubMed%E6%96%87%E7%8C%AE%E6%89%B9%E9%87%8F%E4%B8%8B%E8%BD%BD.user.js"}}