{"options":{"check_for_updates":true,"comment":null,"compat_foreach":false,"compat_metadata":false,"compat_powerful_this":null,"compat_wrappedjsobject":false,"compatopts_for_requires":true,"noframes":null,"override":{"merge_connects":true,"merge_excludes":true,"merge_includes":true,"merge_matches":true,"orig_connects":["mksa.top","sci-hub.ee","sci-hub.se","sci-hub.st","sci-hub.ru","sci-hub.wf","sci-hub.ren","sssam.com","ooopn.com","qq.com","bing.com","baidu.com","iciba.com","sogou.com","youdao.com","taobao.com","google.com","alibaba.com","caiyunai.com","googleapis.com","libgen.lc","libgen.ee","libgen.gs","libgen.rocks","library.lol","booksdl.org","crossref.org","oadoi.org","unpaywall.org","openaccessbutton.org","ncbi.nlm.nih.gov","*"],"orig_excludes":["*://pos.baidu.com/*","*://www.google.com/*"],"orig_includes":[],"orig_matches":["*://*.sciencedirect.com/*","*://*.wiley.com/*","*://*.acs.org/*","*://*.baidu.com/*","*://*.tandfonline.com/*","*://*.nature.com/*","*://*.accessible.com/*","*://*.aic.ca/*","*://*.ajas.info/*","*://*.adisonline.com/*","*://*.alexanderstreet.com/*","*://*.amsciepub.com/*","*://*.annee-philologique.com/*","*://*.anthrosource.net/*","*://*.appliedradiology.com/*","*://*.arch-anim-breed.net/*","*://*.aspresolver.com/*","*://*.atypon.com/*","*://*.aviationweek.com/*","*://*.aip.org/*","*://*.bbsrc.ac.uk/*","*://*.begellhouse.com/*","*://*.bepress.com/*","*://*.bing.com/*","*://*.biomedcentral.com/*","*://*.bioon.com.cn/*","*://*.bioon.com/*","*://*.biotechniques.com/*","*://*.blackwell-synergy.com/*","*://*.bmj.com/*","*://*.britannica.com/*","*://*.businessweek.com/*","*://*.cambridgesoft.com/*","*://*.cawq.ca/*","*://*.cell.com/*","*://*.chadwyck.com/*","*://*.chemnetbase.com/*","*://*.china.eastview.com/*","*://*.chronicle.com/*","*://*.ci.nii.ac.jp/*","*://*.citexs.com/*","*://*.cindasdata.com/*","*://*.cjc-online.ca/*","*://*.cnki.com.cn/*","*://*.cnki.net/*","*://*.cn-ki.net/*","*://*.communicationencyclopedia.com/*","*://*.computerworld.com/*","*://*.contemporaryobgyn.net/*","*://*.corporateaffiliations.com/*","*://*.cqpress.com/*","*://*.cqvip.com/*","*://*.crcnetbase.com/*","*://*.csiro.au/*","*://*.csis.cn/*","*://*.datapages.com/*","*://*.db.chemsources.com/*","*://*.dccc.chemnetbase.com/*","*://*.dichtung-digital.de/*","*://*.discovermagazine.com/*","*://*.eastview.com/*","*://*.ebscohost.com/*","*://*.economist.com/*","*://*.edu.cn:*/*","*://*.edu:*/*","*://*.edu.cn/*","*://*.edu/*","*://*.eenews.net/*","*://*.ejorel.com/*","*://*.els.net/*","*://*.emeraldinsight.com/*","*://*.engineeringvillage.com/*","*://*.engineeringvillage2.com/*","*://*.epnet.com/*","*://*.elsevier.com/*","*://*.evolutionary-ecology.com/*","*://*.exacteditions.com/*","*://*.frymulti.com/*","*://*.cos.com/*","*://*.futuremedicine.com/*","*://*.fyesit.metapress.com/*","*://*.galegroup.com/*","*://*.gateway.proquest.com/*","*://*.geenmedical.com/*","*://*.genomebiology.com/*","*://*.global-sci.com/*","*://*.google.com.co.uk/*","*://*.google.com.hk/*","*://*.google.com/*","*://*.google.nl/*","*://*.lanfanshu.cn/*","*://*.mirrors.pw/*","*://*.panda321.com/*","*://*.lsqwl.org/*","*://*.zidianzhan.net/*","*://*.gpoaccess.gov/*","*://*.gracescientific.com/*","*://*.groveart.com/*","*://*.grovemusic.com/*","*://*.gut.bmj.com/*","*://*.harpweek.com/*","*://*.heart.bmj.com/*","*://*.hh.um.es/*","*://*.hindawi.com/*","*://*.hull.ac.uk/*","*://*.humankinetics.com/*","*://*.hwwilson.com/*","*://*.hwwilsonweb.com/*","*://*.ias.ac.in/*","*://*.ibisworld.com/*","*://*.icevirtual.com/*","*://*.icf.uab.es/*","*://*.ida.liu.se/*","*://*.ihserc.com/*","*://*.ihsglobalinsight.com/*","*://*.ijdb.ehu.es/*","*://*.ijee.ie/*","*://*.impublications.com/*","*://*.informahealthcare.com/*","*://*.informaworld.com/*","*://*.ingentaconnect.com/*","*://*.ingentaselect.com/*","*://*.inpractice.bmj.com/*","*://*.inspirehep.net/*","*://*.intelecomonline.net/*","*://*.int-res.com/*","*://*.ipap.jp/*","*://*.isa-arbor.com/*","*://*.isiknowledge.com/*","*://*.itn.is/*","*://*.iwaponline.com/*","*://*.john-libbey-eurotext.fr/*","*://*.journalofinfection.com/*","*://*.jove.com/*","*://*.jsad.com/*","*://*.jstage.jst.go.jp/*","*://*.karger.com/*","*://*.kluwerlawonline.com/*","*://*.kluweronline.com/*","*://*.knovel.com/*","*://*.la.rsm.com/*","*://*.labanimal.com/*","*://*.landesbioscience.com/*","*://*.lexisnexis.com/*","*://*.lexis-nexis.com/*","*://*.libraryissues.com/*","*://*.liebertonline.com/*","*://*.livestockscience.com/*","*://*.mapress.com/*","*://*.marquiswhoswho.com/*","*://*.math.ca/*","*://*.mcgill.ca/*","*://*.mdpi.com/*","*://*.metapress.com/*","*://*.metla.fi/*","*://*.micronexx.com/*","*://*.millerpublishing.com/*","*://*.mintel.com/*","*://*.mluri.sari.ac.uk/*","*://*.modernmedicine.com/*","*://*.mp.bmj.com/*","*://*.mp.weixin.qq.com/*","*://*.mr-gut.cn/*","*://*.msucares.com/*","*://*.national.com/*","*://*.ncbi.nlm.nih.gov/*","*://*.ncsu.naxosmusic.com/*","*://*.news.reseau-concept.net/*","*://*.newsbank.com/*","*://*.nlm.nih.gov/*","*://*.nonlin-processes-geophys.net/*","*://*.npprj.spci.se/*","*://*.nrcresearchpress.com/*","*://*.nv-med.com/*","*://*.nybooks.com/*","*://*.odyssi.com/*","*://*.oed.com/*","*://*.oldcitypublishing.com/*","*://*.onlinewiley.com/*","*://*.org/*","*://*.org.cn/*","*://*.oup.com/*","*://*.ooopn.com/*","*://*.sssam.com/*","*://*.ovidsp.ovid.com/*","*://*.oxfordlanguagedictionaries.com/*","*://*.oxfordmusiconline.com/*","*://*.pagekoreascience.or.kr/*","*://*.palgrave.com/*","*://*.paperpile.com/*","*://*.pasj.asj.or.jp/*","*://*.peanutscience.com/*","*://*.peerj.com/*","*://*.pepublishing.com/*","*://*.perceptionweb.com/*","*://*.pharmacists.ca/*","*://*.podiatrytoday.com/*","*://*.polymersdatabase.com/*","*://*.portal.euromonitor.com/*","*://*.pracademics.com/*","*://*.pressdisplay.com/*","*://*.priory.com/*","*://*.proquest.com/*","*://*.proquest.umi.com/*","*://*.publish.csiro.au/*","*://*.pubmed.cn/*","*://*.pubmed.com/*","*://*.pubmedcentral.nih.gov/*","*://*.pubmedcentralcanada.ca/*","*://*.pubservices.nrc-cnrc.ca/*","*://*.purl.access.gpo.gov/*","*://*.qjps.com/*","*://*.railwayage.com/*","*://*.rdsinc.com/*","*://*.readpaper.com/*","*://*.redbooks.com/*","*://*.reference-global.com/*","*://*.referenceusa.com/*","*://*.researcherslinks.com/*","*://*.researchgate.net/*","*://*.revophth.com/*","*://*.riag.com/*","*://*.rsm.com/*","*://*.safaribooksonline.com/*","*://*.sagamorepub.com/*","*://*.sagepub.com/*","*://*.sanborn.umi.com/*","*://*.sbrnet.com/*","*://*.schattauer.de/*","*://*.scientific.net/*","*://*.scitation.org/*","*://*.simplymap.com/*","*://*.scimagojr.com/*","*://*.scilit.net/*","*://*.scopus.com/*","*://*.site.ebrary.com/*","*://*.springer.com/*","*://*.springer.de/*","*://*.springer-ny.com/*","*://*.springerprotocols.com/*","*://*.standardandpoors.com/*","*://*.statpak.gov.pk/*","*://*.swissmedic.ch/*","*://*.technologyreview.com/*","*://*.telospress.com/*","*://*.theannals.com/*","*://*.thecochrane.com/*","*://*.thelancet.com/*","*://*.theses.com/*","*://*.ualberta.ca/*","*://*.ulrichsweb.com/*","*://*.unb.ca/*","*://*.unesp.br/*","*://*.uni.wroc.pl/*","*://*.victoriandatabase.com/*","*://*.victorianperiodicals.com/*","*://*.wanfangdata.com.cn/*","*://*.webofknowledge.com/*","*://*.webofscience.com/*","*://*.wgsn.com/*","*://*.wkap.nl/*","*://*.worldscientific.com/*","*://*.worldscinet.com/*","*://*.worldscinetarchives.com/*","*://*.wssa.allenpress.com/*","*://*.x-mol.com/*","*://*.ybook.co.jp/*","*://*.zhihu.com/*","*://*.znaturforsch.com/*","*://*/doi/*","*://*.mksa.top/*","*://*.hkvisa.net/*","*://*.3800808.com/*","*://sci-hub.ee/*","*://sci-hub.se/*","*://sci-hub.st/*","*://sci-hub.ru/*","*://sci-hub.wf/*","*://sci-hub.ren/*","*://sci-hub.cat/*"],"orig_noframes":null,"orig_run_at":"document-idle","use_blockers":[],"use_connects":[],"use_excludes":[],"use_includes":[],"use_matches":[]},"run_at":null,"sandbox":null,"tab_types":null,"unwrap":null},"settings":{"enabled":false,"position":99},"meta":{"name":"SciHub CRX","uuid":"ec59f2d1-80ee-4def-9618-6a9fef5723c2","modified":1678589734629,"file_url":"https://greasyfork.org/scripts/447389-scihub-crx/code/SciHub%20CRX.user.js"}}