{"options":{"check_for_updates":true,"comment":null,"compat_foreach":false,"compat_metadata":false,"compat_powerful_this":null,"compat_prototypes":false,"compat_wrappedjsobject":false,"compatopts_for_requires":true,"noframes":null,"override":{"merge_connects":true,"merge_excludes":true,"merge_includes":true,"merge_matches":true,"orig_excludes":[],"orig_includes":["http*://sourceforge.net/*/files/*"],"orig_matches":[],"orig_noframes":null,"orig_run_at":"document-idle","use_blockers":[],"use_connects":[],"use_excludes":[],"use_includes":[],"use_matches":[]},"run_at":null,"tab_types":null,"unwrap":null},"settings":{"enabled":false,"position":55},"meta":{"name":"SF.net: Direct download links","uuid":"e505dc4f-9170-40d2-aa7e-36c821a46386","modified":1635568119193,"file_url":"https://greasyfork.org/scripts/12239-sf-net-direct-download-links/code/SFnet:%20Direct%20download%20links.user.js"}}