{"options":{"check_for_updates":true,"comment":null,"compat_foreach":false,"compat_metadata":false,"compat_powerful_this":null,"compat_wrappedjsobject":false,"compatopts_for_requires":true,"noframes":null,"override":{"merge_connects":true,"merge_excludes":true,"merge_includes":true,"merge_matches":true,"orig_connects":[],"orig_excludes":[],"orig_includes":[],"orig_matches":["*://*.docin.com/p-*","*://ishare.iask.sina.com.cn/f/*","*://ishare.iask.com/f/*","*://swf.ishare.down.sina.com.cn/?path=*","*://www.deliwenku.com/p-*","*://file.deliwenku.com/?num=*","*://file3.deliwenku.com/?num=*","*://www.doc88.com/p-*","*://www.360doc.com/content/*","*://doc.mbalib.com/view/*","*://www.dugen.com/p-*","*://max.book118.com/html/*","*://openapi.book118.com/?*","*://view-cache.book118.com/pptView.html?*","*://*.book118.com/?readpage=*","*://c.gb688.cn/bzgk/gb/showGb?*","*://www.safewk.com/p-*","*://www.renrendoc.com/paper/*","*://www.yunzhan365.com/basic/*","*://book.yunzhan365.com/*index.html*","*://www.bing.com/search?q=Bing+AI&showconv=1*"],"orig_noframes":null,"orig_run_at":"document-idle","use_blockers":[],"use_connects":[],"use_excludes":[],"use_includes":[],"use_matches":[]},"run_at":null,"sandbox":null,"tab_types":null,"unwrap":null},"settings":{"enabled":true,"position":62},"meta":{"name":"Wenku Doc Downloader","uuid":"95873df8-8f0d-488d-9ba0-2213b3542e88","modified":1678587684100,"file_url":"https://greasyfork.org/scripts/435884-wenku-doc-downloader/code/Wenku%20Doc%20Downloader.user.js"}}