{"options":{"check_for_updates":true,"comment":null,"compat_foreach":false,"compat_metadata":false,"compat_powerful_this":null,"compat_prototypes":false,"compat_wrappedjsobject":false,"compatopts_for_requires":true,"noframes":null,"override":{"merge_connects":true,"merge_excludes":true,"merge_includes":true,"merge_matches":true,"orig_excludes":[],"orig_includes":["*","*://wenku.baidu.com/view/*","*://www.51test.net/show/*","*://www.xuexi.la/*","*://www.xuexila.com/*","*://www.cspengbo.com/*","*://www.doc88.com/*","*://segmentfault.com/*","*://wk.baidu.com/view/*","*://leetcode-cn.com/problems/*","*://www.zhihu.com/*","*://z.30edu.com.cn/*"],"orig_matches":[],"orig_noframes":null,"orig_run_at":"document-idle","use_blockers":[],"use_connects":[],"use_excludes":[],"use_includes":[],"use_matches":[]},"run_at":null,"tab_types":null,"unwrap":null},"settings":{"enabled":true,"position":22},"meta":{"name":"✂解除百度文库，道客巴巴文章不允许复制的限制","uuid":"66b08eb1-57ed-4294-bb49-0d727f8f7825","modified":1605092782710,"file_url":"https://greasyfork.org/scripts/415787-%E8%A7%A3%E9%99%A4%E7%99%BE%E5%BA%A6%E6%96%87%E5%BA%93-%E9%81%93%E5%AE%A2%E5%B7%B4%E5%B7%B4%E6%96%87%E7%AB%A0%E4%B8%8D%E5%85%81%E8%AE%B8%E5%A4%8D%E5%88%B6%E7%9A%84%E9%99%90%E5%88%B6/code/%E2%9C%82%E8%A7%A3%E9%99%A4%E7%99%BE%E5%BA%A6%E6%96%87%E5%BA%93%EF%BC%8C%E9%81%93%E5%AE%A2%E5%B7%B4%E5%B7%B4%E6%96%87%E7%AB%A0%E4%B8%8D%E5%85%81%E8%AE%B8%E5%A4%8D%E5%88%B6%E7%9A%84%E9%99%90%E5%88%B6.user.js"}}