{"options":{"check_for_updates":true,"comment":null,"compat_foreach":false,"compat_metadata":false,"compat_powerful_this":null,"compat_prototypes":false,"compat_wrappedjsobject":false,"compatopts_for_requires":true,"noframes":null,"override":{"merge_connects":true,"merge_excludes":true,"merge_includes":true,"merge_matches":true,"orig_connects":[],"orig_excludes":[],"orig_includes":[],"orig_matches":["*://www.freeok.vip/*","*://libvio.fun/*","*://libvio.me/*","*://www.thefree.vip/*","*://www.ikandy.fun/*","*://www.ikandy1.fun/*","*://www.czspp.com/*","*://www.dmxq.me/*","*://www.novipnoad.com/*","*://ddys.tv/*","*://ddys2.me/*","*://www.69mj.com/*","*://zxzj.vip/*","*://www.nunuyy5.org/*","*://www.voflix.com/*"],"orig_noframes":null,"orig_run_at":"document-body","use_blockers":[],"use_connects":[],"use_excludes":[],"use_includes":[],"use_matches":[]},"run_at":null,"tab_types":null,"unwrap":null},"settings":{"enabled":true,"position":56},"meta":{"name":"✨超多影视站点综合优化 移动&桌面端通用🎉","uuid":"c17acd45-d87a-40ea-bc79-9540f6ec5700","modified":1670833676969,"file_url":"https://greasyfork.org/scripts/424859-%E7%9C%9F%E4%B8%8D%E5%8D%A1%E5%BD%B1%E9%99%A2-%E5%AE%8C%E7%BE%8E%E5%8E%BB%E9%99%A4%E5%B9%BF%E5%91%8A-%E8%87%AA%E5%8A%A8%E5%A4%84%E7%90%86%E9%AA%8C%E8%AF%81%E7%A0%81-%E5%85%BC%E5%AE%B9%E4%B8%8D%E5%BC%80vip%E5%BD%B1%E8%A7%86/code/%E7%9C%9F%E4%B8%8D%E5%8D%A1%E5%BD%B1%E9%99%A2%20%E5%AE%8C%E7%BE%8E%E5%8E%BB%E9%99%A4%E5%B9%BF%E5%91%8A%20%E8%87%AA%E5%8A%A8%E5%A4%84%E7%90%86%E9%AA%8C%E8%AF%81%E7%A0%81%20%E5%85%BC%E5%AE%B9%E4%B8%8D%E5%BC%80VIP%E5%BD%B1%E8%A7%86.user.js"}}