{"options":{"check_for_updates":true,"comment":null,"compat_foreach":false,"compat_metadata":false,"compat_powerful_this":null,"compat_wrappedjsobject":false,"compatopts_for_requires":true,"noframes":null,"override":{"merge_connects":true,"merge_excludes":true,"merge_includes":true,"merge_matches":true,"orig_connects":["azkou.cn","idey.cn","localhost","baidu.com","*","baidupcs.com"],"orig_excludes":["*://login.taobao.com/*","*://pages.tmall.com/*","*://uland.taobao.com"],"orig_includes":[],"orig_matches":["*://item.taobao.com/*","*://yun.baidu.com/share/*","*://*detail.tmall.com/*","*://pan.baidu.com/share/*","*://*detail.tmall.hk/*","*://*.jkcsjd.com/*","*://*.taobao.com/*","*://yun.baidu.com/s/*","*://*.tmall.com/*","*://pan.baidu.com/s/*","*://*.tmall.hk/*","*://yun.baidu.com/disk/home*","*://*.liangxinyao.com/*","*://pan.baidu.com/disk/home*","*://*.taobao.com/*","*://*.tmall.com/*","*://*.tmall.hk/*","*://*.jd.com/*","*://*.jd.hk/*","*://*.yiyaojd.com/*","*://*.liangxinyao.com/*"],"orig_noframes":null,"orig_run_at":"document-body","use_blockers":[],"use_connects":[],"use_excludes":[],"use_includes":[],"use_matches":[]},"run_at":null,"sandbox":null,"tab_types":null,"unwrap":null},"settings":{"enabled":true,"position":106},"meta":{"name":"【百度网盘】下载助手","uuid":"cb20d4d5-7975-4843-a520-a50bde870ffa","modified":1678589844412,"file_url":"https://greasyfork.org/scripts/460163-%E7%99%BE%E5%BA%A6%E7%BD%91%E7%9B%98-%E4%B8%8B%E8%BD%BD%E5%8A%A9%E6%89%8B/code/%E3%80%90%E7%99%BE%E5%BA%A6%E7%BD%91%E7%9B%98%E3%80%91%E4%B8%8B%E8%BD%BD%E5%8A%A9%E6%89%8B.user.js"}}