{"options":{"check_for_updates":true,"comment":null,"compat_foreach":false,"compat_metadata":false,"compat_powerful_this":null,"compat_prototypes":false,"compat_wrappedjsobject":false,"compatopts_for_requires":true,"noframes":null,"override":{"merge_connects":true,"merge_excludes":true,"merge_includes":true,"merge_matches":true,"orig_connects":["like996.icu","*"],"orig_excludes":[],"orig_includes":[],"orig_matches":["http://*/*","https://*/*"],"orig_noframes":null,"orig_run_at":"document-idle","use_blockers":[],"use_connects":[],"use_excludes":[],"use_includes":[],"use_matches":[]},"run_at":null,"tab_types":null,"unwrap":null},"settings":{"enabled":false,"position":36},"meta":{"name":"万能验证码自动输入（升级版）","uuid":"d1754022-9acc-4319-af02-ac53f9ffb2f9","modified":1670833674181,"file_url":"https://greasyfork.org/scripts/418942-%E4%B8%87%E8%83%BD%E9%AA%8C%E8%AF%81%E7%A0%81%E8%87%AA%E5%8A%A8%E8%BE%93%E5%85%A5-%E5%8D%87%E7%BA%A7%E7%89%88/code/%E4%B8%87%E8%83%BD%E9%AA%8C%E8%AF%81%E7%A0%81%E8%87%AA%E5%8A%A8%E8%BE%93%E5%85%A5%EF%BC%88%E5%8D%87%E7%BA%A7%E7%89%88%EF%BC%89.user.js"}}