{"options":{"check_for_updates":true,"comment":null,"compat_foreach":false,"compat_metadata":false,"compat_powerful_this":null,"compat_prototypes":false,"compat_wrappedjsobject":false,"compatopts_for_requires":true,"noframes":null,"override":{"merge_connects":true,"merge_excludes":true,"merge_includes":true,"merge_matches":true,"orig_excludes":[],"orig_includes":[],"orig_matches":["https://www.doc88.com/p-*"],"orig_noframes":null,"orig_run_at":"document-idle","use_blockers":[],"use_connects":[],"use_excludes":[],"use_includes":[],"use_matches":[]},"run_at":null,"tab_types":null,"unwrap":null},"settings":{"enabled":true,"position":63},"meta":{"name":"下载道客巴巴里面的文章 -- 测试中","uuid":"dce6cfda-5034-4bb3-9f90-d35826760b57","modified":1640778564011,"file_url":"https://greasyfork.org/scripts/419997-%E4%B8%8B%E8%BD%BD%E9%81%93%E5%AE%A2%E5%B7%B4%E5%B7%B4%E9%87%8C%E9%9D%A2%E7%9A%84%E6%96%87%E7%AB%A0-%E6%B5%8B%E8%AF%95%E4%B8%AD/code/%E4%B8%8B%E8%BD%BD%E9%81%93%E5%AE%A2%E5%B7%B4%E5%B7%B4%E9%87%8C%E9%9D%A2%E7%9A%84%E6%96%87%E7%AB%A0%20--%20%E6%B5%8B%E8%AF%95%E4%B8%AD.user.js"}}