{"options":{"check_for_updates":true,"comment":null,"compat_foreach":false,"compat_metadata":false,"compat_powerful_this":null,"compat_wrappedjsobject":false,"compatopts_for_requires":true,"noframes":null,"override":{"merge_connects":true,"merge_excludes":true,"merge_includes":true,"merge_matches":true,"orig_connects":[],"orig_excludes":[],"orig_includes":[],"orig_matches":["https://www.xuexi.cn","https://www.xuexi.cn/*","https://pc.xuexi.cn/points/login.html*","https://pc.xuexi.cn/points/exam-practice.html","https://pc.xuexi.cn/points/exam-weekly-detail.html?id=*","https://pc.xuexi.cn/points/exam-weekly-list.html","https://pc.xuexi.cn/points/exam-paper-detail.html?id=*","https://pc.xuexi.cn/points/exam-paper-list.html"],"orig_noframes":null,"orig_run_at":"document-idle","use_blockers":[],"use_connects":[],"use_excludes":[],"use_includes":[],"use_matches":[]},"run_at":null,"sandbox":null,"tab_types":null,"unwrap":null},"settings":{"enabled":true,"position":107},"meta":{"name":"不学习何以强国-beta","uuid":"43d2f10e-c144-47b1-807a-0a91aa9edb9d","modified":1678589895442,"file_url":"https://greasyfork.org/scripts/452295-%E4%B8%8D%E5%AD%A6%E4%B9%A0%E4%BD%95%E4%BB%A5%E5%BC%BA%E5%9B%BD-beta/code/%E4%B8%8D%E5%AD%A6%E4%B9%A0%E4%BD%95%E4%BB%A5%E5%BC%BA%E5%9B%BD-beta.user.js"}}