{"options":{"check_for_updates":true,"comment":null,"compat_foreach":false,"compat_metadata":false,"compat_powerful_this":null,"compat_prototypes":false,"compat_wrappedjsobject":false,"compatopts_for_requires":true,"noframes":null,"override":{"merge_connects":true,"merge_excludes":true,"merge_includes":true,"merge_matches":true,"orig_excludes":[],"orig_includes":["https://cloud.189.cn/t/*"],"orig_matches":["https://cloud.189.cn/t/*"],"orig_noframes":null,"orig_run_at":"document-idle","use_blockers":[],"use_connects":[],"use_excludes":[],"use_includes":[],"use_matches":[]},"run_at":null,"tab_types":null,"unwrap":null},"settings":{"enabled":true,"position":25},"meta":{"name":"免登录下载天翼云盘分享文件","uuid":"3490f9da-a689-4d68-ba7a-e137f3bf0e78","modified":1606536299214,"file_url":"https://greasyfork.org/scripts/401709-%E5%85%8D%E7%99%BB%E5%BD%95%E4%B8%8B%E8%BD%BD%E5%A4%A9%E7%BF%BC%E4%BA%91%E7%9B%98%E5%88%86%E4%BA%AB%E6%96%87%E4%BB%B6/code/%E5%85%8D%E7%99%BB%E5%BD%95%E4%B8%8B%E8%BD%BD%E5%A4%A9%E7%BF%BC%E4%BA%91%E7%9B%98%E5%88%86%E4%BA%AB%E6%96%87%E4%BB%B6.user.js"}}