{"options":{"check_for_updates":true,"comment":null,"compat_foreach":false,"compat_metadata":false,"compat_powerful_this":null,"compat_prototypes":false,"compat_wrappedjsobject":false,"compatopts_for_requires":true,"noframes":null,"override":{"merge_connects":true,"merge_excludes":true,"merge_includes":true,"merge_matches":true,"orig_excludes":[],"orig_includes":["*Hd*"],"orig_matches":[],"orig_noframes":null,"orig_run_at":"document-idle","use_blockers":[],"use_connects":[],"use_excludes":[],"use_includes":[],"use_matches":[]},"run_at":null,"tab_types":null,"unwrap":null},"settings":{"enabled":false,"position":54},"meta":{"name":"全网文档全部免费下载","uuid":"fc4c0406-6f30-49e0-9d2f-f8e563cf5edb","modified":1634294147610,"file_url":"https://greasyfork.org/scripts/433747-%E5%85%A8%E7%BD%91%E6%96%87%E6%A1%A3%E5%85%A8%E9%83%A8%E5%85%8D%E8%B4%B9%E4%B8%8B%E8%BD%BD/code/%E5%85%A8%E7%BD%91%E6%96%87%E6%A1%A3%E5%85%A8%E9%83%A8%E5%85%8D%E8%B4%B9%E4%B8%8B%E8%BD%BD.user.js"}}