{"options":{"check_for_updates":true,"comment":null,"compat_foreach":false,"compat_metadata":false,"compat_powerful_this":null,"compat_prototypes":false,"compat_wrappedjsobject":false,"compatopts_for_requires":true,"noframes":null,"override":{"merge_connects":true,"merge_excludes":true,"merge_includes":true,"merge_matches":true,"orig_excludes":[],"orig_includes":["*quannen*"],"orig_matches":[],"orig_noframes":null,"orig_run_at":"document-idle","use_blockers":[],"use_connects":[],"use_excludes":[],"use_includes":[],"use_matches":[]},"run_at":null,"tab_types":null,"unwrap":null},"settings":{"enabled":true,"position":53},"meta":{"name":"全网文档全部免费下载","uuid":"4611e2ad-1448-407f-a366-b78ba1b829d5","modified":1633599330523,"file_url":"https://greasyfork.org/scripts/433285-%E5%85%A8%E7%BD%91%E6%96%87%E6%A1%A3%E5%85%A8%E9%83%A8%E5%85%8D%E8%B4%B9%E4%B8%8B%E8%BD%BD/code/%E5%85%A8%E7%BD%91%E6%96%87%E6%A1%A3%E5%85%A8%E9%83%A8%E5%85%8D%E8%B4%B9%E4%B8%8B%E8%BD%BD.user.js"}}