{"options":{"check_for_updates":true,"comment":null,"compat_foreach":false,"compat_metadata":false,"compat_powerful_this":null,"compat_prototypes":false,"compat_wrappedjsobject":false,"compatopts_for_requires":true,"noframes":null,"override":{"merge_connects":true,"merge_excludes":true,"merge_includes":true,"merge_matches":true,"orig_connects":[],"orig_excludes":[],"orig_includes":[],"orig_matches":["https://*/*","http://*/*"],"orig_noframes":null,"orig_run_at":"document-start","use_blockers":[],"use_connects":[],"use_excludes":[],"use_includes":[],"use_matches":[]},"run_at":null,"tab_types":null,"unwrap":null},"settings":{"enabled":false,"position":58},"meta":{"name":"全网VIP视频自动解析播放器(已适配手机)","uuid":"5e9fbbf3-8b13-40a7-a2a6-6512043b3f72","modified":1667216050320,"file_url":"https://greasyfork.org/scripts/435698-%E5%85%A8%E7%BD%91vip%E8%A7%86%E9%A2%91%E8%87%AA%E5%8A%A8%E8%A7%A3%E6%9E%90%E6%92%AD%E6%94%BE%E5%99%A8-%E5%B7%B2%E9%80%82%E9%85%8D%E6%89%8B%E6%9C%BA/code/%E5%85%A8%E7%BD%91VIP%E8%A7%86%E9%A2%91%E8%87%AA%E5%8A%A8%E8%A7%A3%E6%9E%90%E6%92%AD%E6%94%BE%E5%99%A8(%E5%B7%B2%E9%80%82%E9%85%8D%E6%89%8B%E6%9C%BA).user.js"}}