{"options":{"check_for_updates":true,"comment":null,"compat_foreach":false,"compat_metadata":false,"compat_powerful_this":null,"compat_prototypes":false,"compat_wrappedjsobject":false,"compatopts_for_requires":true,"noframes":null,"override":{"merge_connects":true,"merge_excludes":true,"merge_includes":true,"merge_matches":true,"orig_connects":["youdao.com","iciba.com","translate.google.com","hjenglish.com","bing.com","chinacloudapi.cn","cambridge.org"],"orig_excludes":[],"orig_includes":["https://*/*","file:///*"],"orig_matches":["http://*/*"],"orig_noframes":null,"orig_run_at":"document-idle","use_blockers":[],"use_connects":[],"use_excludes":[],"use_includes":[],"use_matches":[]},"run_at":null,"tab_types":null,"unwrap":null},"settings":{"enabled":true,"position":21},"meta":{"name":"划词翻译：多词典查询","uuid":"59dd7c17-643b-4d95-b1b7-b83a982bb584","modified":1673181541793,"file_url":"https://greasyfork.org/scripts/376313-%E5%88%92%E8%AF%8D%E7%BF%BB%E8%AF%91-%E5%A4%9A%E8%AF%8D%E5%85%B8%E6%9F%A5%E8%AF%A2/code/%E5%88%92%E8%AF%8D%E7%BF%BB%E8%AF%91%EF%BC%9A%E5%A4%9A%E8%AF%8D%E5%85%B8%E6%9F%A5%E8%AF%A2.user.js"}}