{"options":{"check_for_updates":true,"comment":null,"compat_foreach":false,"compat_metadata":false,"compat_powerful_this":null,"compat_prototypes":false,"compat_wrappedjsobject":false,"compatopts_for_requires":true,"noframes":null,"override":{"merge_connects":true,"merge_excludes":true,"merge_includes":true,"merge_matches":true,"orig_excludes":[],"orig_includes":[],"orig_matches":["*://*/*"],"orig_noframes":true,"orig_run_at":"document-body","use_blockers":[],"use_connects":[],"use_excludes":[],"use_includes":[],"use_matches":[]},"run_at":null,"tab_types":null,"unwrap":null},"settings":{"enabled":false,"position":52},"meta":{"name":"删除高速下载器","uuid":"f27decfb-17db-4c06-a62d-a04df6a10de7","modified":1633323753544,"file_url":"https://greasyfork.org/scripts/429569-%E5%88%A0%E9%99%A4%E9%AB%98%E9%80%9F%E4%B8%8B%E8%BD%BD%E5%99%A8/code/%E5%88%A0%E9%99%A4%E9%AB%98%E9%80%9F%E4%B8%8B%E8%BD%BD%E5%99%A8.user.js"}}