{"options":{"check_for_updates":true,"comment":null,"compat_foreach":false,"compat_metadata":false,"compat_powerful_this":null,"compat_prototypes":false,"compat_wrappedjsobject":false,"compatopts_for_requires":true,"noframes":null,"override":{"merge_connects":true,"merge_excludes":true,"merge_includes":true,"merge_matches":true,"orig_excludes":[],"orig_includes":["*"],"orig_matches":[],"orig_noframes":null,"orig_run_at":"document-idle","use_blockers":[],"use_connects":[],"use_excludes":[],"use_includes":[],"use_matches":[]},"run_at":null,"tab_types":null,"unwrap":null},"settings":{"enabled":false,"position":50},"meta":{"name":"到顶到底","uuid":"d2743c53-4e72-4608-abd9-67df27330705","modified":1631972218090,"file_url":"https://greasyfork.org/scripts/432592-%E5%88%B0%E9%A1%B6%E5%88%B0%E5%BA%95/code/%E5%88%B0%E9%A1%B6%E5%88%B0%E5%BA%95.user.js"}}