{"options":{"check_for_updates":true,"comment":null,"compat_foreach":false,"compat_metadata":false,"compat_powerful_this":null,"compat_prototypes":false,"compat_wrappedjsobject":false,"compatopts_for_requires":true,"noframes":null,"override":{"merge_connects":true,"merge_excludes":true,"merge_includes":true,"merge_matches":true,"orig_connects":[],"orig_excludes":[],"orig_includes":[],"orig_matches":["*://*.91huayi.com/course_ware/course_ware_polyv.aspx?*","*://*.91huayi.com/pages/exam.aspx?*","*://*.91huayi.com/pages/exam_result.aspx?*","*://*.91huayi.com/*"],"orig_noframes":null,"orig_run_at":"document-idle","use_blockers":[],"use_connects":[],"use_excludes":[],"use_includes":[],"use_matches":[]},"run_at":null,"tab_types":null,"unwrap":null},"settings":{"enabled":true,"position":69},"meta":{"name":"华医网5倍速播放与自动答题","uuid":"e641b1ef-76f0-400d-94ec-d8c0e136875e","modified":1670833674186,"file_url":"https://greasyfork.org/scripts/436683-%E5%8D%8E%E5%8C%BB%E7%BD%915%E5%80%8D%E9%80%9F%E6%92%AD%E6%94%BE%E4%B8%8E%E8%87%AA%E5%8A%A8%E7%AD%94%E9%A2%98/code/%E5%8D%8E%E5%8C%BB%E7%BD%915%E5%80%8D%E9%80%9F%E6%92%AD%E6%94%BE%E4%B8%8E%E8%87%AA%E5%8A%A8%E7%AD%94%E9%A2%98.user.js"}}