{"options":{"check_for_updates":true,"comment":null,"compat_foreach":false,"compat_metadata":false,"compat_powerful_this":null,"compat_wrappedjsobject":false,"compatopts_for_requires":true,"noframes":null,"override":{"merge_connects":true,"merge_excludes":true,"merge_includes":true,"merge_matches":true,"orig_connects":[],"orig_excludes":[],"orig_includes":[],"orig_matches":["*://*/*"],"orig_noframes":null,"orig_run_at":"document-idle","use_blockers":[],"use_connects":[],"use_excludes":[],"use_includes":[],"use_matches":[]},"run_at":null,"sandbox":null,"tab_types":null,"unwrap":null},"settings":{"enabled":true,"position":108},"meta":{"name":"双击返回顶部","uuid":"767f449f-cbcc-416f-8385-98956079b590","modified":1678589925922,"file_url":"https://greasyfork.org/scripts/461400-%E5%8F%8C%E5%87%BB%E8%BF%94%E5%9B%9E%E9%A1%B6%E9%83%A8/code/%E5%8F%8C%E5%87%BB%E8%BF%94%E5%9B%9E%E9%A1%B6%E9%83%A8.user.js"}}