{"options":{"check_for_updates":true,"comment":null,"compat_foreach":false,"compat_metadata":false,"compat_powerful_this":null,"compat_prototypes":true,"compat_wrappedjsobject":false,"compatopts_for_requires":true,"noframes":null,"override":{"merge_connects":true,"merge_excludes":true,"merge_includes":true,"merge_matches":true,"orig_connects":[],"orig_excludes":["*://*.google*/*","*://*.github*/*","*://*gov.cn/*","*://*edu.cn/*","*://*.cn/*","*://*.baidu.com/*","*://*.qq.com/*","*://*.bilibili.com/*","*://*.jianshu.com/*","*://*sspai.com/*","*://*cnki.net/*","*://*.160.com/*","*://*.huaweicloud.com/*","*://*ikeepstudying.com/*","*://*.ifdream.net/*","*://*.topthink.com/*","/(^[^:\\/#\\?]*:\\/\\/([^#\\?\\/]*\\.)?github\\.com(:[0-9]{1,5})?\\/.*$)/","*://*.wordpress.org/zh*","https://developer.wordpress.org/reference/*","*://*.oceanengine.com/*","*://*.lusongsong.com/*","*://*.cambridge.org/*"],"orig_includes":["http://*","https://*"],"orig_matches":[],"orig_noframes":null,"orig_run_at":"document-body","use_blockers":[],"use_connects":[],"use_excludes":[],"use_includes":[],"use_matches":[]},"run_at":null,"tab_types":null,"unwrap":null},"settings":{"enabled":false,"position":30},"meta":{"name":"双语对照网页翻译(英文网页双语对照自动翻译)","uuid":"a2598eab-b933-4c15-b7cb-82e0625b04fd","modified":1652253988240,"file_url":"https://greasyfork.org/scripts/419004-%E5%BD%A9%E4%BA%91%E5%B0%8F%E8%AF%91%E8%87%AA%E5%8A%A8%E7%BF%BB%E8%AF%91%E8%8B%B1%E6%96%87%E9%A1%B5%E9%9D%A2/code/%E5%BD%A9%E4%BA%91%E5%B0%8F%E8%AF%91%E8%87%AA%E5%8A%A8%E7%BF%BB%E8%AF%91%E8%8B%B1%E6%96%87%E9%A1%B5%E9%9D%A2.user.js"}}