{"options":{"check_for_updates":true,"comment":null,"compat_foreach":false,"compat_metadata":false,"compat_powerful_this":null,"compat_prototypes":false,"compat_wrappedjsobject":false,"compatopts_for_requires":true,"noframes":null,"override":{"merge_connects":true,"merge_excludes":true,"merge_includes":true,"merge_matches":true,"orig_excludes":[],"orig_includes":[],"orig_matches":["*://www.52pojie.cn/*"],"orig_noframes":null,"orig_run_at":"document-end","use_blockers":[],"use_connects":[],"use_excludes":[],"use_includes":[],"use_matches":[]},"run_at":null,"tab_types":null,"unwrap":null},"settings":{"enabled":false,"position":12},"meta":{"name":"吾爱破解论坛增强 - 自动签到、翻页","uuid":"f2abb22d-51b5-4400-871b-5c0fb38db1ad","modified":1640087412960,"file_url":"https://greasyfork.org/scripts/412680-%E5%90%BE%E7%88%B1%E7%A0%B4%E8%A7%A3%E8%AE%BA%E5%9D%9B%E5%A2%9E%E5%BC%BA-%E8%87%AA%E5%8A%A8%E7%AD%BE%E5%88%B0-%E7%BF%BB%E9%A1%B5/code/%E5%90%BE%E7%88%B1%E7%A0%B4%E8%A7%A3%E8%AE%BA%E5%9D%9B%E5%A2%9E%E5%BC%BA%20-%20%E8%87%AA%E5%8A%A8%E7%AD%BE%E5%88%B0%E3%80%81%E7%BF%BB%E9%A1%B5.user.js"}}