{"options":{"check_for_updates":true,"comment":null,"compat_foreach":false,"compat_metadata":false,"compat_powerful_this":null,"compat_prototypes":false,"compat_wrappedjsobject":false,"compatopts_for_requires":true,"noframes":null,"override":{"merge_connects":true,"merge_excludes":true,"merge_includes":true,"merge_matches":true,"orig_connects":["api.pictureknow.com","api.bilibili.com"],"orig_excludes":[],"orig_includes":["*://*.bilibili.com/video/*","*://item.taobao.com/*","*://detail.tmall.com/*","*://item.jd.com/*"],"orig_matches":[],"orig_noframes":null,"orig_run_at":"document-idle","use_blockers":[],"use_connects":[],"use_excludes":[],"use_includes":[],"use_matches":[]},"run_at":null,"tab_types":null,"unwrap":null},"settings":{"enabled":false,"position":61},"meta":{"name":"哔哩哔哩bilibili视频下载，B站视频下载最强助手👇👇👇","uuid":"1f4dbe6a-a87d-4146-84cc-ea2293119b00","modified":1652253983606,"file_url":"https://greasyfork.org/scripts/434468-%E5%93%94%E5%93%A9%E5%93%94%E5%93%A9bilibili%E8%A7%86%E9%A2%91%E4%B8%8B%E8%BD%BD-b%E7%AB%99%E8%A7%86%E9%A2%91%E4%B8%8B%E8%BD%BD%E6%9C%80%E5%BC%BA%E5%8A%A9%E6%89%8B/code/%E5%93%94%E5%93%A9%E5%93%94%E5%93%A9bilibili%E8%A7%86%E9%A2%91%E4%B8%8B%E8%BD%BD%EF%BC%8CB%E7%AB%99%E8%A7%86%E9%A2%91%E4%B8%8B%E8%BD%BD%E6%9C%80%E5%BC%BA%E5%8A%A9%E6%89%8B%F0%9F%91%87%F0%9F%91%87%F0%9F%91%87.user.js"}}