{"options":{"check_for_updates":true,"comment":null,"compat_foreach":false,"compat_metadata":false,"compat_powerful_this":null,"compat_prototypes":false,"compat_wrappedjsobject":false,"compatopts_for_requires":true,"noframes":null,"override":{"merge_connects":true,"merge_excludes":true,"merge_includes":true,"merge_matches":true,"orig_connects":[],"orig_excludes":[],"orig_includes":[],"orig_matches":["https://*.bilibili.com/*","http://*.hdslb.com/bfs/archive/*"],"orig_noframes":null,"orig_run_at":"document-idle","use_blockers":[],"use_connects":[],"use_excludes":[],"use_includes":[],"use_matches":[]},"run_at":null,"tab_types":null,"unwrap":null},"settings":{"enabled":false,"position":47},"meta":{"name":"哔哩哔哩深色模式+工具箱(下载封面、关闭广告、调节亮度、获取av/BV号、随日出日落切换深浅色、跟随系统设置切换深浅色、关闭新版推广和赛事栏)","uuid":"8eda0374-6286-4b01-ac12-2f2ebfca74b2","modified":1665580246928,"file_url":"https://greasyfork.org/scripts/428222-%E5%93%94%E5%93%A9%E5%93%94%E5%93%A9%E6%B7%B1%E8%89%B2%E6%A8%A1%E5%BC%8F-%E5%B7%A5%E5%85%B7%E7%AE%B1-%E4%B8%8B%E8%BD%BD%E5%B0%81%E9%9D%A2-%E5%85%B3%E9%97%AD%E5%B9%BF%E5%91%8A-%E8%B0%83%E8%8A%82%E4%BA%AE%E5%BA%A6-%E8%8E%B7%E5%8F%96av-bv%E5%8F%B7-%E9%9A%8F%E6%97%A5%E5%87%BA%E6%97%A5%E8%90%BD%E5%88%87%E6%8D%A2%E6%B7%B1%E6%B5%85%E8%89%B2/code/%E5%93%94%E5%93%A9%E5%93%94%E5%93%A9%E6%B7%B1%E8%89%B2%E6%A8%A1%E5%BC%8F+%E5%B7%A5%E5%85%B7%E7%AE%B1(%E4%B8%8B%E8%BD%BD%E5%B0%81%E9%9D%A2%E3%80%81%E5%85%B3%E9%97%AD%E5%B9%BF%E5%91%8A%E3%80%81%E8%B0%83%E8%8A%82%E4%BA%AE%E5%BA%A6%E3%80%81%E8%8E%B7%E5%8F%96avBV%E5%8F%B7%E3%80%81%E9%9A%8F%E6%97%A5%E5%87%BA%E6%97%A5%E8%90%BD%E5%88%87%E6%8D%A2%E6%B7%B1%E6%B5%85%E8%89%B2).user.js"}}