{"options":{"check_for_updates":true,"comment":null,"compat_foreach":false,"compat_metadata":false,"compat_powerful_this":null,"compat_prototypes":false,"compat_wrappedjsobject":false,"compatopts_for_requires":true,"noframes":null,"override":{"merge_connects":true,"merge_excludes":true,"merge_includes":true,"merge_matches":true,"orig_excludes":[],"orig_includes":[],"orig_matches":["https://web.chinahrt.com/course/*"],"orig_noframes":null,"orig_run_at":"document-body","use_blockers":[],"use_connects":[],"use_excludes":[],"use_includes":[],"use_matches":[]},"run_at":null,"tab_types":null,"unwrap":null},"settings":{"enabled":false,"position":46},"meta":{"name":"天津继续教育","uuid":"dcd50db9-1308-4963-b0d0-d81ce1bb6de0","modified":1635933330008,"file_url":"https://greasyfork.org/scripts/429695-%E7%BB%A7%E7%BB%AD%E6%95%99%E8%82%B2/code/%E7%BB%A7%E7%BB%AD%E6%95%99%E8%82%B2.user.js"}}