{"options":{"check_for_updates":true,"comment":null,"compat_foreach":false,"compat_metadata":false,"compat_powerful_this":null,"compat_prototypes":false,"compat_wrappedjsobject":false,"compatopts_for_requires":true,"noframes":null,"override":{"merge_connects":true,"merge_excludes":true,"merge_includes":true,"merge_matches":true,"orig_excludes":[],"orig_includes":["*//cloud.189.cn/t/*","*//m.cloud.189.cn/t/*"],"orig_matches":[],"orig_noframes":null,"orig_run_at":"document-idle","use_blockers":[],"use_connects":[],"use_excludes":[],"use_includes":[],"use_matches":[]},"run_at":null,"tab_types":null,"unwrap":null},"settings":{"enabled":true,"position":26},"meta":{"name":"天翼云盘直接下载","uuid":"9ad59d6c-5a2d-4382-b6cb-db61d5a5ffca","modified":1606536303630,"file_url":"https://greasyfork.org/scripts/32278-%E5%A4%A9%E7%BF%BC%E4%BA%91%E7%9B%98%E7%9B%B4%E6%8E%A5%E4%B8%8B%E8%BD%BD/code/%E5%A4%A9%E7%BF%BC%E4%BA%91%E7%9B%98%E7%9B%B4%E6%8E%A5%E4%B8%8B%E8%BD%BD.user.js"}}