{"options":{"check_for_updates":true,"comment":null,"compat_foreach":false,"compat_metadata":false,"compat_powerful_this":null,"compat_prototypes":false,"compat_wrappedjsobject":false,"compatopts_for_requires":true,"noframes":null,"override":{"merge_connects":true,"merge_excludes":true,"merge_includes":true,"merge_matches":true,"orig_excludes":[],"orig_includes":["*//cloud.189.cn/*"],"orig_matches":[],"orig_noframes":null,"orig_run_at":"document-start","use_blockers":[],"use_connects":[],"use_excludes":[],"use_includes":[],"use_matches":[]},"run_at":null,"tab_types":null,"unwrap":null},"settings":{"enabled":false,"position":51},"meta":{"name":"天翼云盘助手","uuid":"b64a93b9-e1f1-4500-a617-69311f15633e","modified":1632098566087,"file_url":"https://greasyfork.org/scripts/427633-%E5%A4%A9%E7%BF%BC%E4%BA%91%E7%9B%98%E5%8A%A9%E6%89%8B/code/%E5%A4%A9%E7%BF%BC%E4%BA%91%E7%9B%98%E5%8A%A9%E6%89%8B.user.js"}}