{"options":{"check_for_updates":true,"comment":null,"compat_foreach":false,"compat_metadata":false,"compat_powerful_this":null,"compat_wrappedjsobject":false,"compatopts_for_requires":true,"noframes":null,"override":{"merge_connects":true,"merge_excludes":true,"merge_includes":true,"merge_matches":true,"orig_connects":["*","drive.quark.cn"],"orig_excludes":["*://login.taobao.com/*","*://pages.tmall.com/*","*://uland.taobao.com"],"orig_includes":[],"orig_matches":["https://pan.quark.cn/list*","*://item.taobao.com/*","*://*detail.tmall.com/*","*://*detail.tmall.hk/*","*://*.jkcsjd.com/*","*://*.taobao.com/*","*://*.tmall.com/*","*://*.tmall.hk/*","*://*.liangxinyao.com/*","*://*.taobao.com/*","*://*.tmall.com/*","*://*.tmall.hk/*","*://*.jd.com/*","*://*.jd.hk/*","*://*.yiyaojd.com/*","*://*.liangxinyao.com/*"],"orig_noframes":null,"orig_run_at":"document-idle","use_blockers":[],"use_connects":[],"use_excludes":[],"use_includes":[],"use_matches":[]},"run_at":null,"sandbox":null,"tab_types":null,"unwrap":null},"settings":{"enabled":true,"position":109},"meta":{"name":"夸克网盘直链下载","uuid":"9b066610-db41-41b2-a6e5-21aaef9666ce","modified":1678590112411,"file_url":"https://greasyfork.org/scripts/450382-%E5%A4%B8%E5%85%8B%E7%BD%91%E7%9B%98%E7%9B%B4%E9%93%BE%E4%B8%8B%E8%BD%BD/code/%E5%A4%B8%E5%85%8B%E7%BD%91%E7%9B%98%E7%9B%B4%E9%93%BE%E4%B8%8B%E8%BD%BD.user.js"}}