{"options":{"check_for_updates":true,"comment":null,"compat_foreach":false,"compat_metadata":false,"compat_powerful_this":null,"compat_prototypes":false,"compat_wrappedjsobject":false,"compatopts_for_requires":true,"noframes":null,"override":{"merge_connects":true,"merge_excludes":true,"merge_includes":true,"merge_matches":true,"orig_connects":["drive.quark.cn","pan.quark.cn"],"orig_excludes":[],"orig_includes":[],"orig_matches":["https://pan.quark.cn/s/*","https://pan.quark.cn/list*"],"orig_noframes":null,"orig_run_at":"document-body","use_blockers":[],"use_connects":[],"use_excludes":[],"use_includes":[],"use_matches":[]},"run_at":null,"tab_types":null,"unwrap":null},"settings":{"enabled":true,"position":90},"meta":{"name":"夸克云盘","uuid":"67bcf964-8e14-4a61-8fe2-df8e5b96527d","modified":1660350581638,"file_url":"https://greasyfork.org/scripts/448602-%E5%A4%B8%E5%85%8B%E4%BA%91%E7%9B%98/code/%E5%A4%B8%E5%85%8B%E4%BA%91%E7%9B%98.user.js"}}