{"options":{"check_for_updates":true,"comment":null,"compat_foreach":false,"compat_metadata":false,"compat_powerful_this":null,"compat_prototypes":false,"compat_wrappedjsobject":false,"compatopts_for_requires":true,"noframes":null,"override":{"merge_connects":true,"merge_excludes":true,"merge_includes":true,"merge_matches":true,"orig_excludes":[],"orig_includes":["*://www.cmechina.net/*"],"orig_matches":[],"orig_noframes":null,"orig_run_at":"document-idle","use_blockers":[],"use_connects":[],"use_excludes":[],"use_includes":[],"use_matches":[]},"run_at":null,"tab_types":null,"unwrap":null},"settings":{"enabled":false,"position":28},"meta":{"name":"好医生继续医学教育刷课脚本","uuid":"481ef2e1-c2f6-4ebf-9c0b-6b1a902b39c9","modified":1608021658571,"file_url":"https://greasyfork.org/scripts/413652-%E5%A5%BD%E5%8C%BB%E7%94%9F%E7%BB%A7%E7%BB%AD%E5%8C%BB%E5%AD%A6%E6%95%99%E8%82%B2%E5%88%B7%E8%AF%BE%E8%84%9A%E6%9C%AC/code/%E5%A5%BD%E5%8C%BB%E7%94%9F%E7%BB%A7%E7%BB%AD%E5%8C%BB%E5%AD%A6%E6%95%99%E8%82%B2%E5%88%B7%E8%AF%BE%E8%84%9A%E6%9C%AC.user.js"}}