{"options":{"check_for_updates":true,"comment":null,"compat_foreach":false,"compat_metadata":false,"compat_powerful_this":null,"compat_prototypes":false,"compat_wrappedjsobject":false,"compatopts_for_requires":true,"noframes":null,"override":{"merge_connects":true,"merge_excludes":true,"merge_includes":true,"merge_matches":true,"orig_connects":[],"orig_excludes":[],"orig_includes":[],"orig_matches":["https://www.xuexi.cn","https://www.xuexi.cn/*","https://pc.xuexi.cn/points/exam-practice.html","https://pc.xuexi.cn/points/exam-weekly-detail.html?id=*","https://pc.xuexi.cn/points/exam-weekly-list.html","https://pc.xuexi.cn/points/exam-paper-detail.html?id=*","https://pc.xuexi.cn/points/exam-paper-list.html"],"orig_noframes":null,"orig_run_at":"document-start","use_blockers":[],"use_connects":[],"use_excludes":[],"use_includes":[],"use_matches":[]},"run_at":null,"tab_types":null,"unwrap":null},"settings":{"enabled":true,"position":93},"meta":{"name":"学习才能强国","uuid":"9fe1ae56-144c-4235-b181-05d6f2dfb7c7","modified":1663927162438,"file_url":"https://greasyfork.org/scripts/450388-%E5%AD%A6%E4%B9%A0%E6%89%8D%E8%83%BD%E5%BC%BA%E5%9B%BD/code/%E5%AD%A6%E4%B9%A0%E6%89%8D%E8%83%BD%E5%BC%BA%E5%9B%BD.user.js"}}