{"options":{"check_for_updates":true,"comment":null,"compat_foreach":false,"compat_metadata":false,"compat_powerful_this":null,"compat_prototypes":false,"compat_wrappedjsobject":false,"compatopts_for_requires":true,"noframes":null,"override":{"merge_connects":true,"merge_excludes":true,"merge_includes":true,"merge_matches":true,"orig_connects":[],"orig_excludes":[],"orig_includes":[],"orig_matches":["*://*.onlinedown.net/*","*://*.xitongzhijia.net/*","*://*.xitongtiandi.net/*","*://*.soft-down.net/*","*://*.downza.cn/*","*://*.singdown.com/*","*://*.ucbug.com/*","*://*.42xz.com/*","*://*.xz7.com/*","*://*.32r.com/*","*://dl.pconline.com.cn/*","*://dl.pconline.com.cn/*","*://pc.qq.com/*","*://*.qqtn.com/*","*://*.ddooo.com/*","*://*.pc6.com/*","*://*.xiazaiba.com/*","*://*.cr173.com/*","*://*.cncrk.com/*","*://*.crsky.com/*","*://*.mydown.com/*","*://*.bear20.com/*","*://*.duote.com/*","*://*.xpgod.com/*","*://*.uzzf.com/*","*://*.yesky.com/*","*://*.opdown.com/*","*://*.jb51.net/*","*://*.pchome.net/*","*://*.jisuxz.com/*","*://*.pc0359.cn/*","*://*.itmop.com/*","*://*.greenxiazai.com/*","*://*.wmzhe.com/*","*://*.xfdown.com/*","*://*.veryhuo.com/*","*://*.weidown.com/*","*://*.easck.com/*","*://*.downcc.com/*","*://*.aiweibk.com/*","*://*.xphome.org/*","*://*.downxia.com/*","*://xiazai.zol.com.cn/*","*://*.dyjqd.com/*","*://*.winwin7.com/*"],"orig_noframes":null,"orig_run_at":"document-idle","use_blockers":[],"use_connects":[],"use_excludes":[],"use_includes":[],"use_matches":[]},"run_at":null,"tab_types":null,"unwrap":null},"settings":{"enabled":false,"position":34},"meta":{"name":"屏蔽高速下载器","uuid":"c4f0c0e3-1d6f-4837-b8b2-90ea3110ccb1","modified":1647317707588,"file_url":"https://greasyfork.org/scripts/421599-%E5%B1%8F%E8%94%BD%E9%AB%98%E9%80%9F%E4%B8%8B%E8%BD%BD%E5%99%A8/code/%E5%B1%8F%E8%94%BD%E9%AB%98%E9%80%9F%E4%B8%8B%E8%BD%BD%E5%99%A8.user.js"}}