{"options":{"check_for_updates":true,"comment":null,"compat_foreach":false,"compat_metadata":false,"compat_powerful_this":null,"compat_prototypes":false,"compat_wrappedjsobject":false,"compatopts_for_requires":true,"noframes":null,"override":{"merge_connects":true,"merge_excludes":true,"merge_includes":true,"merge_matches":true,"orig_connects":[],"orig_excludes":[],"orig_includes":[],"orig_matches":["*://*.91huayi.com/*"],"orig_noframes":null,"orig_run_at":"document-start","use_blockers":[],"use_connects":[],"use_excludes":[],"use_includes":[],"use_matches":[]},"run_at":null,"tab_types":null,"unwrap":null},"settings":{"enabled":false,"position":65},"meta":{"name":"帮帮客_网页助手","uuid":"4a4ce83c-8aeb-459f-87e7-40803c26a1a6","modified":1670833674554,"file_url":"https://greasyfork.org/scripts/441391-2022%E5%B9%B4%E6%9C%80%E6%96%B0%E5%8D%8E%E5%8C%BB%E7%BD%91-%E5%85%AC%E9%9C%80%E8%AF%BE-%E9%80%89%E4%BF%AE%E8%AF%BE-%E5%AD%A6%E5%88%86%E7%B1%BB-%E5%85%A8%E8%87%AA%E5%8A%A8%E6%A8%A1%E5%BC%8F-%E9%AB%98%E6%95%88%E6%89%A7%E8%A1%8C%E5%8A%9B-%E7%B2%BE%E7%A1%AE%E7%AD%94%E9%A2%98%E5%BA%93/code/2022%E5%B9%B4%E6%9C%80%E6%96%B0%E5%8D%8E%E5%8C%BB%E7%BD%91-%E5%85%AC%E9%9C%80%E8%AF%BE%7C%E9%80%89%E4%BF%AE%E8%AF%BE%7C%E5%AD%A6%E5%88%86%E7%B1%BB%7C%E5%85%A8%E8%87%AA%E5%8A%A8%E6%A8%A1%E5%BC%8F(%E9%AB%98%E6%95%88%E6%89%A7%E8%A1%8C%E5%8A%9B%E3%80%81%E7%B2%BE%E7%A1%AE%E7%AD%94%E9%A2%98%E5%BA%93).user.js"}}