{"options":{"check_for_updates":true,"comment":null,"compat_foreach":false,"compat_metadata":false,"compat_powerful_this":null,"compat_prototypes":false,"compat_wrappedjsobject":false,"compatopts_for_requires":true,"noframes":null,"override":{"merge_connects":true,"merge_excludes":true,"merge_includes":true,"merge_matches":true,"orig_connects":["baidu.com","fryaisjx.lc-cn-n1-shared.com"],"orig_excludes":[],"orig_includes":[],"orig_matches":["*://*/*"],"orig_noframes":null,"orig_run_at":"document-idle","use_blockers":[],"use_connects":[],"use_excludes":[],"use_includes":[],"use_matches":[]},"run_at":null,"tab_types":null,"unwrap":null},"settings":{"enabled":true,"position":39},"meta":{"name":"我是网盘管家婆","uuid":"9e3b4485-71f3-4ea7-ae9b-5ed04e4b1632","modified":1667394594630,"file_url":"https://greasyfork.org/scripts/429947-%E6%88%91%E6%98%AF%E7%BD%91%E7%9B%98%E7%AE%A1%E5%AE%B6%E5%A9%86/code/%E6%88%91%E6%98%AF%E7%BD%91%E7%9B%98%E7%AE%A1%E5%AE%B6%E5%A9%86.user.js"}}