{"options":{"check_for_updates":true,"comment":null,"compat_foreach":false,"compat_metadata":false,"compat_powerful_this":null,"compat_prototypes":false,"compat_wrappedjsobject":false,"compatopts_for_requires":true,"noframes":null,"override":{"merge_connects":true,"merge_excludes":true,"merge_includes":true,"merge_matches":true,"orig_excludes":[],"orig_includes":["*://*/*"],"orig_matches":[],"orig_noframes":null,"orig_run_at":"document-idle","use_blockers":[],"use_connects":[],"use_excludes":[],"use_includes":[],"use_matches":[]},"run_at":null,"tab_types":null,"unwrap":null},"settings":{"enabled":false,"position":20},"meta":{"name":"我是网盘管家婆","uuid":"ac5c8b91-0a1e-476b-92e9-aff1b1ee90b3","modified":1643017453175,"file_url":"https://greasyfork.org/scripts/408449-%E7%9B%98%E6%90%9C-%E7%BB%95%E8%BF%87%E9%99%90%E5%88%B6%E8%87%AA%E5%8A%A8%E8%B7%B3%E8%BD%AC/code/%E7%9B%98%E6%90%9C%20%E7%BB%95%E8%BF%87%E9%99%90%E5%88%B6%E8%87%AA%E5%8A%A8%E8%B7%B3%E8%BD%AC.user.js"}}