{"options":{"check_for_updates":true,"comment":null,"compat_foreach":false,"compat_metadata":false,"compat_powerful_this":null,"compat_prototypes":false,"compat_wrappedjsobject":false,"compatopts_for_requires":true,"noframes":null,"override":{"merge_connects":true,"merge_excludes":true,"merge_includes":true,"merge_matches":true,"orig_connects":[],"orig_excludes":[],"orig_includes":[],"orig_matches":["*://*/*"],"orig_noframes":null,"orig_run_at":"document-body","use_blockers":[],"use_connects":[],"use_excludes":[],"use_includes":[],"use_matches":[]},"run_at":null,"tab_types":null,"unwrap":null},"settings":{"enabled":false,"position":48},"meta":{"name":"手机浏览器触摸手势","uuid":"9d5baabf-4e9f-427c-a2a0-04f3f2784d43","modified":1667728686639,"file_url":"https://greasyfork.org/scripts/375806-%E6%89%8B%E6%9C%BA%E7%AB%AF%E6%B5%8F%E8%A7%88%E5%99%A8%E5%8A%9F%E8%83%BD%E6%89%A9%E5%B1%95/code/%E6%89%8B%E6%9C%BA%E7%AB%AF%E6%B5%8F%E8%A7%88%E5%99%A8%E5%8A%9F%E8%83%BD%E6%89%A9%E5%B1%95.user.js"}}