{"options":{"check_for_updates":true,"comment":null,"compat_foreach":false,"compat_metadata":false,"compat_powerful_this":null,"compat_prototypes":false,"compat_wrappedjsobject":false,"compatopts_for_requires":true,"noframes":null,"override":{"merge_connects":true,"merge_excludes":true,"merge_includes":true,"merge_matches":true,"orig_connects":[],"orig_excludes":[],"orig_includes":["*"],"orig_matches":["*"],"orig_noframes":null,"orig_run_at":"document-idle","use_blockers":[],"use_connects":[],"use_excludes":[],"use_includes":[],"use_matches":[]},"run_at":null,"tab_types":null,"unwrap":null},"settings":{"enabled":false,"position":11},"meta":{"name":"护眼模式/Eye-protection Mode","uuid":"10a98534-27a1-4a7a-af23-4f7938d26885","modified":1652253983832,"file_url":"https://greasyfork.org/scripts/408781-%E6%8A%A4%E7%9C%BC%E6%A8%A1%E5%BC%8F-eye-protection-mode/code/%E6%8A%A4%E7%9C%BC%E6%A8%A1%E5%BC%8FEye-protection%20Mode.user.js"}}