{"options":{"check_for_updates":true,"comment":null,"compat_foreach":false,"compat_metadata":false,"compat_powerful_this":null,"compat_prototypes":false,"compat_wrappedjsobject":false,"compatopts_for_requires":true,"noframes":null,"override":{"merge_connects":true,"merge_excludes":true,"merge_includes":true,"merge_matches":true,"orig_connects":[],"orig_excludes":[],"orig_includes":[],"orig_matches":["*://v.youku.com/v_show/*","*://*.iqiyi.com/v_*","*://*.iqiyi.com/w_*","*://*.iqiyi.com/a_*","*://*.iqiyi.com/dianying/*","*://*.le.com/ptv/vplay/*","*://v.qq.com/x/cover/*","*://v.qq.com/x/page/*","*://*.tudou.com/listplay/*","*://*.tudou.com/albumplay/*","*://*.tudou.com/programs/view/*","*://*.mgtv.com/b/*","*://film.sohu.com/album/*","*://*.acfun.cn/v/*","*://*.bilibili.com/video/*","*://*.bilibili.com/anime/*","*://vip.pptv.com/show/*","*://v.pptv.com/show/*","*://v.yinyuetai.com/video/*","*://v.yinyuetai.com/playlist/*","*://*.wasu.cn/Play/show/*","*://vip.1905.com/play/*","*://www.zhihu.com/question/*"],"orig_noframes":null,"orig_run_at":"document-end","use_blockers":[],"use_connects":[],"use_excludes":[],"use_includes":[],"use_matches":[]},"run_at":null,"tab_types":null,"unwrap":null},"settings":{"enabled":false,"position":10},"meta":{"name":"无心vip视频免费看","uuid":"e4a07ddd-df1a-40d5-8986-7c4caaa56f9f","modified":1652254017023,"file_url":"https://greasyfork.org/scripts/377193-%E6%97%A0%E5%BF%83%E8%A7%A3%E6%9E%90-vip%E8%A7%86%E9%A2%91%E5%85%8D%E8%B4%B9%E7%9C%8B-2020-09-20%E5%8F%AF%E7%94%A8/code/%E6%97%A0%E5%BF%83%E8%A7%A3%E6%9E%90-vip%E8%A7%86%E9%A2%91%E5%85%8D%E8%B4%B9%E7%9C%8B-%E3%80%902020-09-20%E5%8F%AF%E7%94%A8%E3%80%91.user.js"}}