{"options":{"check_for_updates":true,"comment":null,"compat_foreach":false,"compat_metadata":false,"compat_powerful_this":null,"compat_prototypes":false,"compat_wrappedjsobject":false,"compatopts_for_requires":true,"noframes":null,"override":{"merge_connects":true,"merge_excludes":true,"merge_includes":true,"merge_matches":true,"orig_excludes":[],"orig_includes":["/^https?:\\/\\/jump\\d?\\.bdimg\\.com\\/safecheck\\/index\\?url=/","/^https?:\\/\\/www\\.jianshu\\.com\\/go-wild\\?ac=\\d+?&url=http/"],"orig_matches":["*://c.pc.qq.com/*.html?pfurl=*","*://docs.qq.com/scenario/link.html?url=*","*://link.zhihu.com/?target=http*","*://link.csdn.net/?target=http*","*://bsb.baidu.com/lanjie/*.html?http*","*://mail.qq.com/cgi-bin/readtemplate?t=safety&check=false&gourl=http*"],"orig_noframes":true,"orig_run_at":"document-body","use_blockers":[],"use_connects":[],"use_excludes":[],"use_includes":[],"use_matches":[]},"run_at":null,"tab_types":null,"unwrap":null},"settings":{"enabled":true,"position":49},"meta":{"name":"无视 安全中心","uuid":"5d849f83-0d02-448b-9268-7b986676071e","modified":1637382446443,"file_url":"https://greasyfork.org/scripts/428045-%E6%97%A0%E8%A7%86-%E5%AE%89%E5%85%A8%E4%B8%AD%E5%BF%83/code/%E6%97%A0%E8%A7%86%20%E5%AE%89%E5%85%A8%E4%B8%AD%E5%BF%83.user.js"}}