{"options":{"check_for_updates":true,"comment":null,"compat_foreach":false,"compat_metadata":false,"compat_powerful_this":null,"compat_prototypes":false,"compat_wrappedjsobject":false,"compatopts_for_requires":true,"noframes":null,"override":{"merge_connects":true,"merge_excludes":true,"merge_includes":true,"merge_matches":true,"orig_excludes":[],"orig_includes":[],"orig_matches":["*.economist.com/*"],"orig_noframes":null,"orig_run_at":"document-idle","use_blockers":[],"use_connects":[],"use_excludes":[],"use_includes":[],"use_matches":[]},"run_at":null,"tab_types":null,"unwrap":null},"settings":{"enabled":true,"position":7},"meta":{"name":"无限制阅读经济学人","uuid":"21e923a1-fa9a-4ca5-a834-f0e7625a78dd","modified":1597111739583,"file_url":"https://greasyfork.org/scripts/396846-%E6%97%A0%E9%99%90%E5%88%B6%E9%98%85%E8%AF%BB%E7%BB%8F%E6%B5%8E%E5%AD%A6%E4%BA%BA/code/%E6%97%A0%E9%99%90%E5%88%B6%E9%98%85%E8%AF%BB%E7%BB%8F%E6%B5%8E%E5%AD%A6%E4%BA%BA.user.js"}}