{"options":{"check_for_updates":true,"comment":null,"compat_foreach":false,"compat_metadata":false,"compat_powerful_this":null,"compat_wrappedjsobject":false,"compatopts_for_requires":true,"noframes":null,"override":{"merge_connects":true,"merge_excludes":true,"merge_includes":true,"merge_matches":true,"orig_connects":[],"orig_excludes":[],"orig_includes":[],"orig_matches":["http*://*.bilibili.com/video/*","http*://*.bilibili.com/bangumi/play/*","http*://*.bilibili.com/*/favlist*","http*://v.youku.com/v_show/*","http*://m.youku.com/alipay_video/*","http*://v.qq.com/x/cover/*","http*://m.v.qq.com/x/cover/*","http*://v.qq.com/x/page/*","http*://m.v.qq.com/x/page/*","http*://m.v.qq.com/*","http*://www.iqiyi.com/v*","http*://m.iqiyi.com/*","http*://www.iqiyi.com/*","http*://m.iqiyi.com/kszt/*","http*://www.iqiyi.com/kszt/*","http*://www.element3ds.com/*","https://www.zxx.edu.cn/syncClassroom/classActivity*","https://weibo.com/*tabtype=album","http*://huaban.com/boards/*","http*://huaban.com/user/*"],"orig_noframes":null,"orig_run_at":"document-idle","use_blockers":[],"use_connects":[],"use_excludes":[],"use_includes":[],"use_matches":[]},"run_at":null,"sandbox":null,"tab_types":null,"unwrap":null},"settings":{"enabled":true,"position":19},"meta":{"name":"柒灵全能视频下载器","uuid":"8fdb864a-66fe-433c-acae-78394cab123b","modified":1674004413364,"file_url":"https://greasyfork.org/scripts/412208-%E6%9F%92%E7%81%B5%E5%85%A8%E8%83%BD%E8%A7%86%E9%A2%91%E4%B8%8B%E8%BD%BD%E5%99%A8/code/%E6%9F%92%E7%81%B5%E5%85%A8%E8%83%BD%E8%A7%86%E9%A2%91%E4%B8%8B%E8%BD%BD%E5%99%A8.user.js"}}