{"options":{"check_for_updates":true,"comment":null,"compat_foreach":false,"compat_metadata":false,"compat_powerful_this":null,"compat_prototypes":false,"compat_wrappedjsobject":false,"compatopts_for_requires":true,"noframes":null,"override":{"merge_connects":true,"merge_excludes":true,"merge_includes":true,"merge_matches":true,"orig_connects":[],"orig_excludes":[],"orig_includes":[],"orig_matches":["*://wenku.baidu.com/view*","*://wenku.baidu.com/link*","*://wenku.baidu.com/share*"],"orig_noframes":null,"orig_run_at":"document-start","use_blockers":[],"use_connects":[],"use_excludes":[],"use_includes":[],"use_matches":[]},"run_at":null,"tab_types":null,"unwrap":null},"settings":{"enabled":true,"position":43},"meta":{"name":"百度文库转 Word | 百度文库下载器","uuid":"98860b90-f0f1-417a-ab05-a557bc40e4b4","modified":1645524654916,"file_url":"https://greasyfork.org/scripts/405373-%E7%99%BE%E5%BA%A6%E6%96%87%E5%BA%93%E8%BD%AC-word-%E7%99%BE%E5%BA%A6%E6%96%87%E5%BA%93%E4%B8%8B%E8%BD%BD%E5%99%A8/code/%E7%99%BE%E5%BA%A6%E6%96%87%E5%BA%93%E8%BD%AC%20Word%20%7C%20%E7%99%BE%E5%BA%A6%E6%96%87%E5%BA%93%E4%B8%8B%E8%BD%BD%E5%99%A8.user.js"}}