{"options":{"check_for_updates":true,"comment":null,"compat_foreach":false,"compat_metadata":false,"compat_powerful_this":null,"compat_prototypes":false,"compat_wrappedjsobject":false,"compatopts_for_requires":true,"noframes":null,"override":{"merge_connects":true,"merge_excludes":true,"merge_includes":true,"merge_matches":true,"orig_excludes":[],"orig_includes":["*://wenku.baidu.com/view/*"],"orig_matches":[],"orig_noframes":null,"orig_run_at":"document-idle","use_blockers":[],"use_connects":[],"use_excludes":[],"use_includes":[],"use_matches":[]},"run_at":null,"tab_types":null,"unwrap":null},"settings":{"enabled":true,"position":6},"meta":{"name":"百度文库内容复制+文档下载🔥","uuid":"749fe9bd-5ea3-424d-9526-804496abb69f","modified":1598141456291,"file_url":"https://greasyfork.org/scripts/407824-%E7%99%BE%E5%BA%A6%E6%96%87%E5%BA%93-%E5%86%85%E5%AE%B9%E5%A4%8D%E5%88%B6-%E4%B8%8B%E8%BD%BD/code/%E7%99%BE%E5%BA%A6%E6%96%87%E5%BA%93%E3%80%90%E5%86%85%E5%AE%B9%E5%A4%8D%E5%88%B6%E3%80%91%F0%9F%93%8B%EF%BC%8B%E3%80%90%E4%B8%8B%E8%BD%BD%E3%80%91%F0%9F%93%A5.user.js"}}