{"options":{"check_for_updates":true,"comment":null,"compat_foreach":false,"compat_metadata":false,"compat_powerful_this":null,"compat_wrappedjsobject":false,"compatopts_for_requires":true,"noframes":null,"override":{"merge_connects":true,"merge_excludes":true,"merge_includes":true,"merge_matches":true,"orig_connects":[],"orig_excludes":["*://login.taobao.com/*","*://pages.tmall.com/*","*://uland.taobao.com/*"],"orig_includes":[],"orig_matches":["*://wenku.baidu.com/view/*","*://*.jd.com/*","*://*.jd.hk/*","*://*.jkcsjd.com/*","*://*.yiyaojd.com/*","*://*.taobao.com/*","*://*.taobao.hk/*","*://*.tmall.com/*","*://*.tmall.hk/*"],"orig_noframes":null,"orig_run_at":"document-end","use_blockers":[],"use_connects":[],"use_excludes":[],"use_includes":[],"use_matches":[]},"run_at":null,"sandbox":null,"tab_types":null,"unwrap":null},"settings":{"enabled":true,"position":77},"meta":{"name":"百度文档下载器","uuid":"dc5b23b6-e541-4c28-aca5-b9ceef2dfd16","modified":1678587683527,"file_url":"https://greasyfork.org/scripts/427007-%E7%99%BE%E5%BA%A6%E6%96%87%E6%A1%A3%E4%B8%8B%E8%BD%BD%E5%99%A8/code/%E7%99%BE%E5%BA%A6%E6%96%87%E6%A1%A3%E4%B8%8B%E8%BD%BD%E5%99%A8.user.js"}}