{"options":{"check_for_updates":true,"comment":null,"compat_foreach":false,"compat_metadata":false,"compat_powerful_this":null,"compat_wrappedjsobject":false,"compatopts_for_requires":true,"noframes":null,"override":{"merge_connects":true,"merge_excludes":true,"merge_includes":true,"merge_matches":true,"orig_connects":["biubiu00.cn"],"orig_excludes":[],"orig_includes":[],"orig_matches":["https://pan.baidu.com/*","*://pan.baidu.com/*"],"orig_noframes":null,"orig_run_at":"document-idle","use_blockers":[],"use_connects":[],"use_excludes":[],"use_includes":[],"use_matches":[]},"run_at":null,"sandbox":null,"tab_types":null,"unwrap":null},"settings":{"enabled":true,"position":59},"meta":{"name":"百度网盘直链极速下载助手（全新版本）","uuid":"57d501f2-ed36-4c2c-bce4-f542473cd0d7","modified":1678587675710,"file_url":"https://greasyfork.org/scripts/436053-%E7%99%BE%E5%BA%A6%E7%BD%91%E7%9B%98%E7%9B%B4%E9%93%BE%E6%9E%81%E9%80%9F%E4%B8%8B%E8%BD%BD%E5%8A%A9%E6%89%8B-%E5%85%A8%E6%96%B0%E7%89%88%E6%9C%AC/code/%E7%99%BE%E5%BA%A6%E7%BD%91%E7%9B%98%E7%9B%B4%E9%93%BE%E6%9E%81%E9%80%9F%E4%B8%8B%E8%BD%BD%E5%8A%A9%E6%89%8B%EF%BC%88%E5%85%A8%E6%96%B0%E7%89%88%E6%9C%AC%EF%BC%89.user.js"}}