{"options":{"check_for_updates":true,"comment":null,"compat_foreach":false,"compat_metadata":false,"compat_powerful_this":null,"compat_prototypes":false,"compat_wrappedjsobject":false,"compatopts_for_requires":true,"noframes":null,"override":{"merge_connects":true,"merge_excludes":true,"merge_includes":true,"merge_matches":true,"orig_connects":[],"orig_excludes":[],"orig_includes":[],"orig_matches":["*://www.wnflb99.com/thread-*","*://www.wnflb99.com/forum.php?mod=viewthread&tid=*","*://www.wnflb99.com/forum.php?mod=viewthread&tid=*"],"orig_noframes":null,"orig_run_at":"document-idle","use_blockers":[],"use_connects":[],"use_excludes":[],"use_includes":[],"use_matches":[]},"run_at":null,"tab_types":null,"unwrap":null},"settings":{"enabled":true,"position":71},"meta":{"name":"福利吧好孩子看得见（改）","uuid":"2799aef5-8a07-4933-a73d-7c807e478a11","modified":1650535486841,"file_url":"https://greasyfork.org/scripts/443736-%E7%A6%8F%E5%88%A9%E5%90%A7%E5%A5%BD%E5%AD%A9%E5%AD%90%E7%9C%8B%E5%BE%97%E8%A7%81-%E6%94%B9/code/%E7%A6%8F%E5%88%A9%E5%90%A7%E5%A5%BD%E5%AD%A9%E5%AD%90%E7%9C%8B%E5%BE%97%E8%A7%81%EF%BC%88%E6%94%B9%EF%BC%89.user.js"}}