{"options":{"check_for_updates":true,"comment":null,"compat_foreach":false,"compat_metadata":false,"compat_powerful_this":null,"compat_prototypes":false,"compat_wrappedjsobject":false,"compatopts_for_requires":true,"noframes":null,"override":{"merge_connects":true,"merge_excludes":true,"merge_includes":true,"merge_matches":true,"orig_excludes":[],"orig_includes":[],"orig_matches":["http*://www.dalipan.com/*","http*://www.luomapan.com/*","http*://www.dashengpan.com/*","*://www.xiaokesoso.com/*","*://www.xiaozhaolaila.com/*","http://www.zhuzhupan.com/search*","https://www.xiaobaipan.com/file*"],"orig_noframes":null,"orig_run_at":"document-end","use_blockers":[],"use_connects":[],"use_excludes":[],"use_includes":[],"use_matches":[]},"run_at":null,"tab_types":null,"unwrap":null},"settings":{"enabled":true,"position":14},"meta":{"name":"绕过限制搜索查看百度网盘资源","uuid":"512c5e3f-6f5d-486b-a346-c873ec5dd029","modified":1606793254866,"file_url":"https://greasyfork.org/scripts/412173-%E7%BB%95%E8%BF%87%E9%99%90%E5%88%B6%E6%90%9C%E7%B4%A2%E6%9F%A5%E7%9C%8B%E7%99%BE%E5%BA%A6%E7%BD%91%E7%9B%98%E8%B5%84%E6%BA%90/code/%E7%BB%95%E8%BF%87%E9%99%90%E5%88%B6%E6%90%9C%E7%B4%A2%E6%9F%A5%E7%9C%8B%E7%99%BE%E5%BA%A6%E7%BD%91%E7%9B%98%E8%B5%84%E6%BA%90.user.js"}}