{"options":{"check_for_updates":true,"comment":null,"compat_foreach":false,"compat_metadata":false,"compat_powerful_this":null,"compat_prototypes":false,"compat_wrappedjsobject":false,"compatopts_for_requires":true,"noframes":null,"override":{"merge_connects":true,"merge_excludes":true,"merge_includes":true,"merge_matches":true,"orig_connects":["baidu.com","baidupcs.com","aliyundrive.com","189.cn","xunlei.com","quark.cn","www.intumu.com","localhost","*"],"orig_excludes":[],"orig_includes":[],"orig_matches":["*://pan.baidu.com/disk/home*","*://yun.baidu.com/disk/home*","*://pan.baidu.com/disk/main*","*://yun.baidu.com/disk/main*","*://pan.baidu.com/s/*","*://yun.baidu.com/s/*","*://pan.baidu.com/share/*","*://yun.baidu.com/share/*","*://www.aliyundrive.com/s/*","*://www.aliyundrive.com/drive*","*://cloud.189.cn/web/*","*://pan.xunlei.com/*","*://pan.quark.cn/*"],"orig_noframes":null,"orig_run_at":"document-idle","use_blockers":[],"use_connects":["api.youxiaohou.com"],"use_excludes":[],"use_includes":[],"use_matches":[]},"run_at":null,"tab_types":null,"unwrap":null},"settings":{"enabled":true,"position":96},"meta":{"name":"网盘直链下载助手（Plus）","uuid":"fd77393a-17c8-4b3a-a67e-56deea41642d","modified":1663330736272,"file_url":"https://greasyfork.org/scripts/449804-%E7%BD%91%E7%9B%98%E7%9B%B4%E9%93%BE%E4%B8%8B%E8%BD%BD%E5%8A%A9%E6%89%8B-plus/code/%E7%BD%91%E7%9B%98%E7%9B%B4%E9%93%BE%E4%B8%8B%E8%BD%BD%E5%8A%A9%E6%89%8B%EF%BC%88Plus%EF%BC%89.user.js"}}