{"options":{"check_for_updates":true,"comment":null,"compat_foreach":false,"compat_metadata":false,"compat_powerful_this":null,"compat_wrappedjsobject":false,"compatopts_for_requires":true,"noframes":null,"override":{"merge_connects":true,"merge_excludes":true,"merge_includes":true,"merge_matches":true,"orig_connects":["*","lanzoux.com","lanzoug.com","189.cn","123pan.com","wenshushu.cn"],"orig_excludes":["/^http(s|):\\/\\/s1\\.hdslb\\.com\\/.*$/","/^http(s|):\\/\\/(message|www)\\.bilibili\\.com\\/.*$/","/^http(s|):\\/\\/.*\\.mail\\.qq\\.com\\/.*$/","/^http(s|):\\/\\/.*video\\.qq\\.com\\/.*$/","/^http(s|):\\/\\/.*\\.vscode-cdn\\.net\\/.*$/","/^http(s|):\\/\\/.*vscode\\.dev\\/.*$/"],"orig_includes":[],"orig_matches":["*://*/*"],"orig_noframes":null,"orig_run_at":"document-body","use_blockers":[],"use_connects":[],"use_excludes":[],"use_includes":[],"use_matches":[]},"run_at":null,"sandbox":null,"tab_types":null,"unwrap":null},"settings":{"enabled":true,"position":81},"meta":{"name":"网盘链接识别","uuid":"136ecc61-6d3e-4270-af11-2b7e33646219","modified":1678587674999,"file_url":"https://greasyfork.org/scripts/445489-%E7%BD%91%E7%9B%98%E9%93%BE%E6%8E%A5%E8%AF%86%E5%88%AB/code/%E7%BD%91%E7%9B%98%E9%93%BE%E6%8E%A5%E8%AF%86%E5%88%AB.user.js"}}