{"options":{"check_for_updates":true,"comment":null,"compat_foreach":false,"compat_metadata":false,"compat_powerful_this":null,"compat_prototypes":false,"compat_wrappedjsobject":false,"compatopts_for_requires":true,"noframes":null,"override":{"merge_connects":true,"merge_excludes":true,"merge_includes":true,"merge_matches":true,"orig_connects":["*://*","189.cn","ooopn.com","baidu.com","baidupcs.com","aliyundrive.com","xunlei.com","localhost"],"orig_excludes":[],"orig_includes":[],"orig_matches":["*://pan.baidu.com/*","*://yun.baidu.com/*","*://pan.xunlei.com/*","*://cloud.189.cn/*","*://www.aliyundrive.com/*"],"orig_noframes":null,"orig_run_at":"document-idle","use_blockers":[],"use_connects":[],"use_excludes":[],"use_includes":[],"use_matches":[]},"run_at":null,"tab_types":null,"unwrap":null},"settings":{"enabled":true,"position":83},"meta":{"name":"网盘不限速下载助手","uuid":"05f2a892-a391-4b0e-bc3b-9ec9b4cfca87","modified":1657418095854,"file_url":"https://greasyfork.org/scripts/447559-%E7%BD%91%E7%9B%98%E4%B8%8D%E9%99%90%E9%80%9F%E4%B8%8B%E8%BD%BD%E5%8A%A9%E6%89%8B/code/%E7%BD%91%E7%9B%98%E4%B8%8D%E9%99%90%E9%80%9F%E4%B8%8B%E8%BD%BD%E5%8A%A9%E6%89%8B.user.js"}}