{"ts":1678441213309,"data":{"CatPW":"o{\"date\": \"2023/3/10\",\"sCode\": \"\",\"unPW\": \"\",\"Src\": \"https://cloud.189.cn/t/6j6Jnuzey6B3#7fx0\",\"surl\": \"\",\"Hash\": \"#7fx0\",\"webSrc\": \"http%3A%2F%2Fwww.lucky8k.com%2Fthread-134222-1-1.html\",\"webTitle\": \"v22b%E7%B3%BB%E7%BB%9F%E4%B8%8B%E8%BD%BD%EF%BC%883%E6%9C%8810%E6%97%A5%E6%9B%B4%E6%96%B0%EF%BC%89%20-%20veket-22b%E7%B3%BB%E7%BB%9F%E5%92%8C%E8%BD%AF%E4%BB%B6%20-%20veket%20-%20veket!\"}","CatPW_Manage":"o{\"StorageSave\": true,\"UpdataConfig\": {\"UpdataSave\": true,\"UpdataNotify\": true,\"UpdataPlugin\": true,\"UpdataVersion\": \"3.23.37\"},\"StorageExp\": 365}"}}