{"ts":1678441175370,"data":{"$config":"o{\"uid\": \"x9zmv6yjzhg0tuxlgqplufemnn1v9d25\",\"option\": {\"baidu_page_home\": \"yes\",\"baidu_page_share\": \"yes\",\"baidu_page_verify\": \"yes\",\"baidu_share_status\": \"no\",\"baidu_custom_password\": \"yes\",\"baidu_show_origin\": \"yes\",\"baidu_auto_jump\": \"no\",\"weiyun_page_home\": \"yes\",\"weiyun_page_share\": \"yes\",\"weiyun_page_verify\": \"yes\",\"weiyun_share_status\": \"no\",\"weiyun_auto_jump\": \"no\",\"lanzous_page_verify\": \"yes\",\"lanzous_share_status\": \"yes\",\"lanzous_auto_jump\": \"no\",\"189_page_home\": \"yes\",\"189_page_share\": \"yes\",\"189_page_verify\": \"yes\",\"189_share_status\": \"no\",\"189_auto_jump\": \"no\"},\"share_log_list\": {\"lanzous#b01bd54gb\": {\"share_id\": \"b01bd54gb\",\"share_pwd\": \"0\",\"share_link\": \"https://ventoy.lanzous.com/b01bd54gb\",\"share_source\": \"lanzous\",\"share_time\": 1614349778849},\"lanzous#b054lw5xg\": {\"share_id\": \"b054lw5xg\",\"share_pwd\": \"0\",\"share_link\": \"https://www.lanzoux.com/b054lw5xg\",\"share_source\": \"lanzous\",\"share_time\": 1603528750648},\"lanzous#b692872\": {\"share_id\": \"b692872\",\"share_pwd\": \"0\",\"share_link\": \"https://www.lanzous.com/b692872\",\"share_source\": \"lanzous\",\"share_time\": 1599389944294},\"baidu#lwQFbJehx-x5QRb8RNVgSQ\": {\"share_id\": \"lwQFbJehx-x5QRb8RNVgSQ\",\"share_pwd\": \"l162\",\"share_link\": \"https://pan.baidu.com/share/init?surl=lwQFbJehx-x5QRb8RNVgSQ\",\"share_source\": \"baidu\",\"share_time\": 1599578903771},\"lanzous#b653218\": {\"share_id\": \"b653218\",\"share_pwd\": \"0\",\"share_link\": \"https://7xiazai.lanzous.com/b653218\",\"share_source\": \"lanzous\",\"share_time\": 1604479042686},\"lanzous#b00tj8wrg\": {\"share_id\": \"b00tj8wrg\",\"share_pwd\": \"0\",\"share_link\": \"https://acold.lanzous.com/b00tj8wrg\",\"share_source\": \"lanzous\",\"share_time\": 1604478772450},\"lanzous#b00nb544d\": {\"share_id\": \"b00nb544d\",\"share_pwd\": \"0\",\"share_link\": \"https://lanzoux.com/b00nb544d\",\"share_source\": \"lanzous\",\"share_time\": 1599925712369},\"lanzous#b0f1gnb3a\": {\"share_id\": \"b0f1gnb3a\",\"share_pwd\": \"0\",\"share_link\": \"https://www.lanzoux.com/b0f1gnb3a\",\"share_source\": \"lanzous\",\"share_time\": 1600180774390},\"lanzous#b777140\": {\"share_id\": \"b777140\",\"share_pwd\": \"0\",\"share_link\": \"https://www.lanzous.com/b777140\",\"share_source\": \"lanzous\",\"share_time\": 1600325327288},\"lanzous#b0cwh3y4d\": {\"share_id\": \"b0cwh3y4d\",\"share_pwd\": \"0\",\"share_link\": \"https://www.lanzoux.com/b0cwh3y4d\",\"share_source\": \"lanzous\",\"share_time\": 1600564014455},\"lanzous#b0cwiaigh\": {\"share_id\": \"b0cwiaigh\",\"share_pwd\": \"0\",\"share_link\": \"https://www.lanzoux.com/b0cwiaigh\",\"share_source\": \"lanzous\",\"share_time\": 1601787028638},\"lanzous#b0cw40qmh\": {\"share_id\": \"b0cw40qmh\",\"share_pwd\": \"0\",\"share_link\": \"https://lanzous.com/b0cw40qmh\",\"share_source\": \"lanzous\",\"share_time\": 1601970035812},\"lanzous#b0cvt04na\": {\"share_id\": \"b0cvt04na\",\"share_pwd\": \"0\",\"share_link\": \"https://www.lanzous.com/b0cvt04na\",\"share_source\": \"lanzous\",\"share_time\": 1601970063421},\"lanzous#b0bwjwwif\": {\"share_id\": \"b0bwjwwif\",\"share_pwd\": \"0\",\"share_link\": \"https://7xiazai.lanzous.com/b0bwjwwif\",\"share_source\": \"lanzous\",\"share_time\": 1604289722869},\"baidu#jjo77ARsTryJdf11Lp6ERg\": {\"share_id\": \"jjo77ARsTryJdf11Lp6ERg\",\"share_pwd\": \"1234\",\"share_link\": \"https://pan.baidu.com/share/init?surl=jjo77ARsTryJdf11Lp6ERg\",\"share_source\": \"baidu\",\"share_time\": 1604732050425},\"baidu#1154jDBpvBAAZSkfcR-0SQ\": {\"share_id\": \"1154jDBpvBAAZSkfcR-0SQ\",\"share_pwd\": \"gmrt\",\"share_link\": \"https://pan.baidu.com/share/init?surl=1154jDBpvBAAZSkfcR-0SQ\",\"share_source\": \"baidu\",\"share_time\": 1605616444571},\"baidu#RkovhpJVoRJKmYdbl9XvqA\": {\"share_id\": \"RkovhpJVoRJKmYdbl9XvqA\",\"share_pwd\": \"nm3x\",\"share_link\": \"https://pan.baidu.com/share/init?surl=RkovhpJVoRJKmYdbl9XvqA\",\"share_source\": \"baidu\",\"share_time\": 1605921293835},\"ty189#uqQFjiyU7BBr\": {\"share_id\": \"uqQFjiyU7BBr\",\"share_pwd\": \"4um3\",\"share_link\": \"https://cloud.189.cn/t/uqQFjiyU7BBr\",\"share_source\": \"ty189\",\"share_time\": 1606129958255},\"baidu#EjSmpPHGRiIwKAaU_eM7Fw\": {\"share_id\": \"EjSmpPHGRiIwKAaU_eM7Fw\",\"share_pwd\": \"xykg\",\"share_link\": \"https://pan.baidu.com/share/init?surl=EjSmpPHGRiIwKAaU_eM7Fw\",\"share_source\": \"baidu\",\"share_time\": 1606211990666},\"lanzous#b00ttchfi\": {\"share_id\": \"b00ttchfi\",\"share_pwd\": \"4152\",\"share_link\": \"https://acold.lanzoux.com/b00ttchfi\",\"share_source\": \"lanzous\",\"share_time\": 1606297541249},\"baidu#9vkgS8t3KCUSolN_Yvghcw\": {\"share_id\": \"9vkgS8t3KCUSolN_Yvghcw\",\"share_pwd\": \"44cx\",\"share_link\": \"https://pan.baidu.com/share/init?surl=9vkgS8t3KCUSolN_Yvghcw\",\"share_source\": \"baidu\",\"share_time\": 1606392323824},\"baidu#4uz9c4OTwYLu3SBTra3BNQ\": {\"share_id\": \"4uz9c4OTwYLu3SBTra3BNQ\",\"share_pwd\": \"fbb9\",\"share_link\": \"https://pan.baidu.com/share/init?surl=4uz9c4OTwYLu3SBTra3BNQ\",\"share_source\": \"baidu\",\"share_time\": 1606392351382},\"baidu#SnIwse2fUiAY27Jnip5czA\": {\"share_id\": \"SnIwse2fUiAY27Jnip5czA\",\"share_pwd\": \"lyao\",\"share_link\": \"https://pan.baidu.com/share/init?surl=SnIwse2fUiAY27Jnip5czA\",\"share_source\": \"baidu\",\"share_time\": 1606392443137},\"baidu#KsgzqJrbkXyHi-o66l1mIg\": {\"share_id\": \"KsgzqJrbkXyHi-o66l1mIg\",\"share_pwd\": \"td1b\",\"share_link\": \"https://pan.baidu.com/share/init?surl=KsgzqJrbkXyHi-o66l1mIg\",\"share_source\": \"baidu\",\"share_time\": 1606392732956},\"baidu#vrAtvWDDaF3pQe-ikmZ-7Q\": {\"share_id\": \"vrAtvWDDaF3pQe-ikmZ-7Q\",\"share_pwd\": \"r7at\",\"share_link\": \"https://pan.baidu.com/share/init?surl=vrAtvWDDaF3pQe-ikmZ-7Q\",\"share_source\": \"baidu\",\"share_time\": 1606392520615},\"baidu#Pfpi9P-xzEFMUkGDEv67_Q\": {\"share_id\": \"Pfpi9P-xzEFMUkGDEv67_Q\",\"share_pwd\": \"2e3g\",\"share_link\": \"https://pan.baidu.com/share/init?surl=Pfpi9P-xzEFMUkGDEv67_Q#2e3g\",\"share_source\": \"baidu\",\"share_time\": 1606474749725},\"baidu#lM2lI3_58QzLhvR3i3fbEg\": {\"share_id\": \"lM2lI3_58QzLhvR3i3fbEg\",\"share_pwd\": \"8888\",\"share_link\": \"https://pan.baidu.com/share/init?surl=lM2lI3_58QzLhvR3i3fbEg#8888\",\"share_source\": \"baidu\",\"share_time\": 1606536062164},\"baidu#ro-Bog3uE74o5cRnL-BCig\": {\"share_id\": \"ro-Bog3uE74o5cRnL-BCig\",\"share_pwd\": \"gt7p\",\"share_link\": \"https://pan.baidu.com/share/init?surl=ro-Bog3uE74o5cRnL-BCig#gt7p\",\"share_source\": \"baidu\",\"share_time\": 1606570790687},\"baidu#Qa8Vp3EAQQbF0xdtL0hK4A\": {\"share_id\": \"Qa8Vp3EAQQbF0xdtL0hK4A\",\"share_pwd\": \"8c1m\",\"share_link\": \"https://pan.baidu.com/share/init?surl=Qa8Vp3EAQQbF0xdtL0hK4A\",\"share_source\": \"baidu\",\"share_time\": 1608003176096},\"baidu#UhfBaaNncixM4_Hfx3v9zA\": {\"share_id\": \"UhfBaaNncixM4_Hfx3v9zA\",\"share_pwd\": \"utns\",\"share_link\": \"https://pan.baidu.com/share/init?surl=UhfBaaNncixM4_Hfx3v9zA\",\"share_source\": \"baidu\",\"share_time\": 1608003205143},\"baidu#Q_INTnKozIlDUauutcRMIQ\": {\"share_id\": \"Q_INTnKozIlDUauutcRMIQ\",\"share_pwd\": \"jpG4\",\"share_link\": \"https://pan.baidu.com/share/init?surl=Q_INTnKozIlDUauutcRMIQ#jpG4\",\"share_source\": \"baidu\",\"share_time\": 1608003491093},\"baidu#LcaGihJs0hIy5OoFrtqlEA\": {\"share_id\": \"LcaGihJs0hIy5OoFrtqlEA\",\"share_pwd\": \"varu\",\"share_link\": \"https://pan.baidu.com/share/init?surl=LcaGihJs0hIy5OoFrtqlEA\",\"share_source\": \"baidu\",\"share_time\": 1608200085773},\"lanzous#b07s3xbcf\": {\"share_id\": \"b07s3xbcf\",\"share_pwd\": \"GU4L\",\"share_link\": \"https://hufan.lanzous.com/b07s3xbcf#GU4L\",\"share_source\": \"lanzous\",\"share_time\": 1608360538442},\"baidu#6ldY3OGOFYBUEl0IRp1l_g\": {\"share_id\": \"6ldY3OGOFYBUEl0IRp1l_g\",\"share_pwd\": \"ry76\",\"share_link\": \"https://pan.baidu.com/share/init?surl=6ldY3OGOFYBUEl0IRp1l_g\",\"share_source\": \"baidu\",\"share_time\": 1608886724032},\"baidu#xE736-OfOkVz3IXo6ZhimA\": {\"share_id\": \"xE736-OfOkVz3IXo6ZhimA\",\"share_pwd\": \"sgmc\",\"share_link\": \"https://pan.baidu.com/share/init?surl=xE736-OfOkVz3IXo6ZhimA#sgmc\",\"share_source\": \"baidu\",\"share_time\": 1609649577955},\"baidu#0nzx1OKvcbOtxCxyVPY2Jw\": {\"share_id\": \"0nzx1OKvcbOtxCxyVPY2Jw\",\"share_pwd\": \"k9we\",\"share_link\": \"https://pan.baidu.com/share/init?surl=0nzx1OKvcbOtxCxyVPY2Jw#k9we\",\"share_source\": \"baidu\",\"share_time\": 1611732287826},\"baidu#8L45SXEyaF2Swbmd8hDJzg\": {\"share_id\": \"8L45SXEyaF2Swbmd8hDJzg\",\"share_pwd\": \"nv29\",\"share_link\": \"https://pan.baidu.com/share/init?surl=8L45SXEyaF2Swbmd8hDJzg#nv29\",\"share_source\": \"baidu\",\"share_time\": 1611732311589},\"baidu#JT2eRTt7CzuM5R6ikX4Xcg\": {\"share_id\": \"JT2eRTt7CzuM5R6ikX4Xcg\",\"share_pwd\": \"4u93\",\"share_link\": \"https://pan.baidu.com/share/init?surl=JT2eRTt7CzuM5R6ikX4Xcg#4u93\",\"share_source\": \"baidu\",\"share_time\": 1611732350093},\"lanzous#b0ejtfi1c\": {\"share_id\": \"b0ejtfi1c\",\"share_pwd\": \"medicals\",\"share_link\": \"https://medicals.lanzous.com/b0ejtfi1c\",\"share_source\": \"lanzous\",\"share_time\": 1612149081922},\"lanzous#b00zpcsja\": {\"share_id\": \"b00zpcsja\",\"share_pwd\": \"6fdn\",\"share_link\": \"https://www.lanzoux.com/b00zpcsja#6fdn\",\"share_source\": \"lanzous\",\"share_time\": 1612149212459},\"baidu#JOQW-Ldwyjj7L0vhFIdBVA\": {\"share_id\": \"JOQW-Ldwyjj7L0vhFIdBVA\",\"share_pwd\": \"2f20\",\"share_link\": \"https://pan.baidu.com/share/init?surl=JOQW-Ldwyjj7L0vhFIdBVA#2f20\",\"share_source\": \"baidu\",\"share_time\": 1612150458584},\"baidu#uTSZ8Z7I2OLdyRp8jiSQzA\": {\"share_id\": \"uTSZ8Z7I2OLdyRp8jiSQzA\",\"share_pwd\": \"kfji\",\"share_link\": \"https://pan.baidu.com/share/init?surl=uTSZ8Z7I2OLdyRp8jiSQzA#kfji\",\"share_source\": \"baidu\",\"share_time\": 1612150515851},\"baidu#yoJUgdYa0rC9QGO2v9-cYQ\": {\"share_id\": \"yoJUgdYa0rC9QGO2v9-cYQ\",\"share_pwd\": \"52pj\",\"share_link\": \"https://pan.baidu.com/share/init?surl=yoJUgdYa0rC9QGO2v9-cYQ#52pj\",\"share_source\": \"baidu\",\"share_time\": 1612350688027},\"lanzous#b920817\": {\"share_id\": \"b920817\",\"share_pwd\": \"0\",\"share_link\": \"https://7xiazai.lanzous.com/b920817\",\"share_source\": \"lanzous\",\"share_time\": 1612353587592},\"baidu#-rfmVlHAUcR04g_FhV7Ubg\": {\"share_id\": \"-rfmVlHAUcR04g_FhV7Ubg\",\"share_pwd\": \"g1ie\",\"share_link\": \"https://pan.baidu.com/share/init?surl=-rfmVlHAUcR04g_FhV7Ubg#g1ie\",\"share_source\": \"baidu\",\"share_time\": 1612764180254},\"baidu#9S0VI7tNnksA2V1xrF-QWA\": {\"share_id\": \"9S0VI7tNnksA2V1xrF-QWA\",\"share_pwd\": \"only\",\"share_link\": \"https://pan.baidu.com/share/init?surl=9S0VI7tNnksA2V1xrF-QWA#admi\",\"share_source\": \"baidu\",\"share_time\": 1613219108254},\"baidu#6Dygg7FCz8OGUcEYuB5V8g\": {\"share_id\": \"6Dygg7FCz8OGUcEYuB5V8g\",\"share_pwd\": \"cdbs\",\"share_link\": \"https://pan.baidu.com/share/init?surl=6Dygg7FCz8OGUcEYuB5V8g#cdbs\",\"share_source\": \"baidu\",\"share_time\": 1613364597361},\"baidu#jYH1I0lSYhdyj-0_WKQZKQ\": {\"share_id\": \"jYH1I0lSYhdyj-0_WKQZKQ\",\"share_pwd\": \"rcrc\",\"share_link\": \"https://pan.baidu.com/share/init?surl=jYH1I0lSYhdyj-0_WKQZKQ#rcrc\",\"share_source\": \"baidu\",\"share_time\": 1613638397921},\"lanzous#b07sbmwhi\": {\"share_id\": \"b07sbmwhi\",\"share_pwd\": \"fgw9\",\"share_link\": \"https://yzzi.lanzous.com/b07sbmwhi#fgw9\",\"share_source\": \"lanzous\",\"share_time\": 1613734734105},\"baidu#wIyB1xFf3rwaF6YsMsdSRQ\": {\"share_id\": \"wIyB1xFf3rwaF6YsMsdSRQ\",\"share_pwd\": \"52pj\",\"share_link\": \"https://pan.baidu.com/share/init?surl=wIyB1xFf3rwaF6YsMsdSRQ#52pj\",\"share_source\": \"baidu\",\"share_time\": 1613792998669},\"lanzous#b0f1940oj\": {\"share_id\": \"b0f1940oj\",\"share_pwd\": \"0\",\"share_link\": \"https://pan.lanzous.com/b0f1940oj\",\"share_source\": \"lanzous\",\"share_time\": 1613828056613},\"lanzous#iSDH9lx9cxi\": {\"share_id\": \"iSDH9lx9cxi\",\"share_pwd\": \"4imx\",\"share_link\": \"https://wws.lanzous.com/iSDH9lx9cxi\",\"share_source\": \"lanzous\",\"share_time\": 1613902435023},\"lanzous#b00z5zy6b\": {\"share_id\": \"b00z5zy6b\",\"share_pwd\": \"0\",\"share_link\": \"https://www.lanzous.com/b00z5zy6b#wbrls\",\"share_source\": \"lanzous\",\"share_time\": 1614165229261},\"lanzous#b500081\": {\"share_id\": \"b500081\",\"share_pwd\": \"7t0z\",\"share_link\": \"https://lanzoux.com/b500081#7t0z\",\"share_source\": \"lanzous\",\"share_time\": 1628599240826},\"baidu#NHjp4QUzCPgNtEoO0vZM2g\": {\"share_id\": \"NHjp4QUzCPgNtEoO0vZM2g\",\"share_pwd\": \"191b\",\"share_link\": \"https://pan.baidu.com/share/init?surl=NHjp4QUzCPgNtEoO0vZM2g\",\"share_source\": \"baidu\",\"share_time\": 1629028880863},\"baidu#J42UMkxAdjahdNSBUL4-Yw\": {\"share_id\": \"J42UMkxAdjahdNSBUL4-Yw\",\"share_pwd\": \"3ywl\",\"share_link\": \"https://pan.baidu.com/share/init?surl=J42UMkxAdjahdNSBUL4-Yw\",\"share_source\": \"baidu\",\"share_time\": 1630749378079},\"baidu#nRsj7FC9hTnYRpQK0mrcqA\": {\"share_id\": \"nRsj7FC9hTnYRpQK0mrcqA\",\"share_pwd\": \"sv35\",\"share_link\": \"https://pan.baidu.com/share/init?surl=nRsj7FC9hTnYRpQK0mrcqA\",\"share_source\": \"baidu\",\"share_time\": 1631531730348},\"baidu#7u18bRKpr0mhhqeXWSoTLQ\": {\"share_id\": \"7u18bRKpr0mhhqeXWSoTLQ\",\"share_pwd\": \"hipc\",\"share_link\": \"https://pan.baidu.com/share/init?surl=7u18bRKpr0mhhqeXWSoTLQ\",\"share_source\": \"baidu\",\"share_time\": 1632046155538},\"lanzous#b01hxwx9g\": {\"share_id\": \"b01hxwx9g\",\"share_pwd\": \"gcf2\",\"share_link\": \"https://wwx.lanzoux.com/b01hxwx9g#gcf2\",\"share_source\": \"lanzous\",\"share_time\": 1631874319079},\"baidu#TxGwiVO9GhHH0NbJ1gsnsQ\": {\"share_id\": \"TxGwiVO9GhHH0NbJ1gsnsQ\",\"share_pwd\": \"88g1\",\"share_link\": \"https://pan.baidu.com/share/init?surl=TxGwiVO9GhHH0NbJ1gsnsQ#88g1\",\"share_source\": \"baidu\",\"share_time\": 1631880994153},\"baidu#6rrOCY3cisH3YnQPDHnvpw\": {\"share_id\": \"6rrOCY3cisH3YnQPDHnvpw\",\"share_pwd\": \"ngv7\",\"share_link\": \"https://pan.baidu.com/share/init?surl=6rrOCY3cisH3YnQPDHnvpw#ngv7\",\"share_source\": \"baidu\",\"share_time\": 1634951984816},\"baidu#Q28rPTEfobg-cD9IsV4rjQ\": {\"share_id\": \"Q28rPTEfobg-cD9IsV4rjQ\",\"share_pwd\": \"ng6k\",\"share_link\": \"https://pan.baidu.com/share/init?surl=Q28rPTEfobg-cD9IsV4rjQ#ng6k\",\"share_source\": \"baidu\",\"share_time\": 1635034984157},\"baidu#YCL37VwTJGylNyTrq-7tZw\": {\"share_id\": \"YCL37VwTJGylNyTrq-7tZw\",\"share_pwd\": \"b95b\",\"share_link\": \"https://pan.baidu.com/share/init?surl=YCL37VwTJGylNyTrq-7tZw#b95b\",\"share_source\": \"baidu\",\"share_time\": 1635035072606},\"baidu#irFZB39YX5p56sovLQug7A\": {\"share_id\": \"irFZB39YX5p56sovLQug7A\",\"share_pwd\": \"jm2j\",\"share_link\": \"https://pan.baidu.com/share/init?surl=irFZB39YX5p56sovLQug7A#jm2j\",\"share_source\": \"baidu\",\"share_time\": 1635035110075},\"baidu#7ihls1qhaXEJg07z1Il1gA\": {\"share_id\": \"7ihls1qhaXEJg07z1Il1gA\",\"share_pwd\": \"s3by\",\"share_link\": \"https://pan.baidu.com/share/init?surl=7ihls1qhaXEJg07z1Il1gA#s3by\",\"share_source\": \"baidu\",\"share_time\": 1635035239936},\"baidu#XerWcdqYSAtwpUP3xfwNsQ\": {\"share_id\": \"XerWcdqYSAtwpUP3xfwNsQ\",\"share_pwd\": \"3tyt\",\"share_link\": \"https://pan.baidu.com/share/init?surl=XerWcdqYSAtwpUP3xfwNsQ#3tyt\",\"share_source\": \"baidu\",\"share_time\": 1635035259763},\"baidu#ELPmW9cCjxwS5J6DRIpkMg\": {\"share_id\": \"ELPmW9cCjxwS5J6DRIpkMg\",\"share_pwd\": \"5p6j\",\"share_link\": \"https://pan.baidu.com/share/init?surl=ELPmW9cCjxwS5J6DRIpkMg#5p6j\",\"share_source\": \"baidu\",\"share_time\": 1635035399934},\"baidu#Zb6vJ0VxMAcNrEzmKp5Y0Q\": {\"share_id\": \"Zb6vJ0VxMAcNrEzmKp5Y0Q\",\"share_pwd\": \"89wc\",\"share_link\": \"https://pan.baidu.com/share/init?surl=Zb6vJ0VxMAcNrEzmKp5Y0Q#89wc\",\"share_source\": \"baidu\",\"share_time\": 1635035436492},\"baidu#gXHbhBtx1ctPwPk2aKSF2A\": {\"share_id\": \"gXHbhBtx1ctPwPk2aKSF2A\",\"share_pwd\": \"4h8s\",\"share_link\": \"https://pan.baidu.com/share/init?surl=gXHbhBtx1ctPwPk2aKSF2A#4h8s\",\"share_source\": \"baidu\",\"share_time\": 1635035450971},\"baidu#DrIpNcmYkhgFCRHSayKWOA\": {\"share_id\": \"DrIpNcmYkhgFCRHSayKWOA\",\"share_pwd\": \"7fsm\",\"share_link\": \"https://pan.baidu.com/share/init?surl=DrIpNcmYkhgFCRHSayKWOA#7fsm\",\"share_source\": \"baidu\",\"share_time\": 1638876578278},\"baidu#WgiBCBudombj99IbmsxROQ\": {\"share_id\": \"WgiBCBudombj99IbmsxROQ\",\"share_pwd\": \"fmnj\",\"share_link\": \"https://pan.baidu.com/share/init?surl=WgiBCBudombj99IbmsxROQ#fmnj\",\"share_source\": \"baidu\",\"share_time\": 1635331694061},\"baidu#Te_R25HP8MT5p0VXOHUqsw\": {\"share_id\": \"Te_R25HP8MT5p0VXOHUqsw\",\"share_pwd\": \"cfq4\",\"share_link\": \"https://pan.baidu.com/share/init?surl=Te_R25HP8MT5p0VXOHUqsw#cfq4\",\"share_source\": \"baidu\",\"share_time\": 1635417534092},\"baidu#PT7VTO1G-D3Nvl1w2M50Ig\": {\"share_id\": \"PT7VTO1G-D3Nvl1w2M50Ig\",\"share_pwd\": \"ryxq\",\"share_link\": \"https://pan.baidu.com/share/init?surl=PT7VTO1G-D3Nvl1w2M50Ig#ryxq\",\"share_source\": \"baidu\",\"share_time\": 1635417550279},\"baidu#AiCQqLVT0acLL5YfI-JG-A\": {\"share_id\": \"AiCQqLVT0acLL5YfI-JG-A\",\"share_pwd\": \"p76n\",\"share_link\": \"https://pan.baidu.com/share/init?surl=AiCQqLVT0acLL5YfI-JG-A#p76n\",\"share_source\": \"baidu\",\"share_time\": 1635417579409},\"baidu#rFeFSEgcrxrjN-WSHsHfnQ\": {\"share_id\": \"rFeFSEgcrxrjN-WSHsHfnQ\",\"share_pwd\": \"c9u2\",\"share_link\": \"https://pan.baidu.com/share/init?surl=rFeFSEgcrxrjN-WSHsHfnQ#c9u2\",\"share_source\": \"baidu\",\"share_time\": 1635417609568},\"baidu#1ya0p9nObcSA-XNGy-HemQ\": {\"share_id\": \"1ya0p9nObcSA-XNGy-HemQ\",\"share_pwd\": \"3zc9\",\"share_link\": \"https://pan.baidu.com/share/init?surl=1ya0p9nObcSA-XNGy-HemQ#3zc9\",\"share_source\": \"baidu\",\"share_time\": 1635418000453},\"baidu#9LJMwAJ8JeGNvst5d5Mqsg\": {\"share_id\": \"9LJMwAJ8JeGNvst5d5Mqsg\",\"share_pwd\": \"5eoi\",\"share_link\": \"https://pan.baidu.com/share/init?surl=9LJMwAJ8JeGNvst5d5Mqsg\",\"share_source\": \"baidu\",\"share_time\": 1635773302385},\"baidu#tE-FUnUTy2rvBU7x3Zvshw\": {\"share_id\": \"tE-FUnUTy2rvBU7x3Zvshw\",\"share_pwd\": \"m6m8\",\"share_link\": \"https://pan.baidu.com/share/init?surl=tE-FUnUTy2rvBU7x3Zvshw#m6m8\",\"share_source\": \"baidu\",\"share_time\": 1635555903204},\"baidu#zjtw-_dre2WvlaVN-fZXUg\": {\"share_id\": \"zjtw-_dre2WvlaVN-fZXUg\",\"share_pwd\": \"xeyk\",\"share_link\": \"https://pan.baidu.com/share/init?surl=zjtw-_dre2WvlaVN-fZXUg#xeyk\",\"share_source\": \"baidu\",\"share_time\": 1635567858579},\"baidu#PZEeN6Z2R6Pr5xIlvmJNKw\": {\"share_id\": \"PZEeN6Z2R6Pr5xIlvmJNKw\",\"share_pwd\": \"6666\",\"share_link\": \"https://pan.baidu.com/share/init?surl=PZEeN6Z2R6Pr5xIlvmJNKw\",\"share_source\": \"baidu\",\"share_time\": 1635676251971},\"baidu#kgWInCRIzlVHLEENvJ1fXA\": {\"share_id\": \"kgWInCRIzlVHLEENvJ1fXA\",\"share_pwd\": \"eue7\",\"share_link\": \"https://pan.baidu.com/share/init?surl=kgWInCRIzlVHLEENvJ1fXA#eue7\",\"share_source\": \"baidu\",\"share_time\": 1637064769592},\"baidu#Gfl45v9NtlkUbczLvSDlBg\": {\"share_id\": \"Gfl45v9NtlkUbczLvSDlBg\",\"share_pwd\": \"ydis\",\"share_link\": \"https://pan.baidu.com/share/init?surl=Gfl45v9NtlkUbczLvSDlBg#ydis\",\"share_source\": \"baidu\",\"share_time\": 1637064938038},\"baidu#72tPaoPg4a76i3NGURLnVA\": {\"share_id\": \"72tPaoPg4a76i3NGURLnVA\",\"share_pwd\": \"y8hc\",\"share_link\": \"https://pan.baidu.com/share/init?surl=72tPaoPg4a76i3NGURLnVA#y8hc\",\"share_source\": \"baidu\",\"share_time\": 1637410396986},\"lanzous#b00nlwy1c\": {\"share_id\": \"b00nlwy1c\",\"share_pwd\": \"0\",\"share_link\": \"https://liuzhaoyzz.lanzoux.com/b00nlwy1c\",\"share_source\": \"lanzous\",\"share_time\": 1639821773560},\"baidu#XGXLHKZ7UH8bxWbJxSCtbQ\": {\"share_id\": \"XGXLHKZ7UH8bxWbJxSCtbQ\",\"share_pwd\": \"g123\",\"share_link\": \"https://pan.baidu.com/share/init?surl=XGXLHKZ7UH8bxWbJxSCtbQ\",\"share_source\": \"baidu\",\"share_time\": 1640174652983},\"baidu#WsrHVuplezSY1Clz91SJwA\": {\"share_id\": \"WsrHVuplezSY1Clz91SJwA\",\"share_pwd\": \"2c4w\",\"share_link\": \"https://pan.baidu.com/share/init?surl=WsrHVuplezSY1Clz91SJwA#2c4w\",\"share_source\": \"baidu\",\"share_time\": 1641178429840},\"baidu#NfmXdtCKW16zp9f0BOHlZw\": {\"share_id\": \"NfmXdtCKW16zp9f0BOHlZw\",\"share_pwd\": \"auup\",\"share_link\": \"https://pan.baidu.com/share/init?surl=NfmXdtCKW16zp9f0BOHlZw#auup\",\"share_source\": \"baidu\",\"share_time\": 1643769043662},\"lanzous#b01bcswkf\": {\"share_id\": \"b01bcswkf\",\"share_pwd\": \"0\",\"share_link\": \"https://www.lanzoux.com/b01bcswkf\",\"share_source\": \"lanzous\",\"share_time\": 1652273526927},\"lanzous#b01006kcf\": {\"share_id\": \"b01006kcf\",\"share_pwd\": \"421a\",\"share_link\": \"https://mefcl.lanzoux.com/b01006kcf#421a\",\"share_source\": \"lanzous\",\"share_time\": 1647519325296},\"baidu#UCwnrkHSjZU2NOPlRdMV1Q\": {\"share_id\": \"UCwnrkHSjZU2NOPlRdMV1Q\",\"share_pwd\": \"xxea\",\"share_link\": \"https://pan.baidu.com/share/init?surl=UCwnrkHSjZU2NOPlRdMV1Q&pwd=xxea\",\"share_source\": \"baidu\",\"share_time\": 1649419374972},\"baidu#vHkSSJsu4UeIrz1xdVP1wg\": {\"share_id\": \"vHkSSJsu4UeIrz1xdVP1wg\",\"share_pwd\": \"52pj\",\"share_link\": \"https://pan.baidu.com/share/init?surl=vHkSSJsu4UeIrz1xdVP1wg&pwd=52pj#52pj\",\"share_source\": \"baidu\",\"share_time\": 1649426713257},\"lanzous#b010rg2he\": {\"share_id\": \"b010rg2he\",\"share_pwd\": \"0\",\"share_link\": \"https://wwa.lanzoux.com/b010rg2he\",\"share_source\": \"lanzous\",\"share_time\": 1649426863910},\"baidu#huWF4m7k9TLWIehn-pNatw\": {\"share_id\": \"huWF4m7k9TLWIehn-pNatw\",\"share_pwd\": \"m6wy\",\"share_link\": \"https://pan.baidu.com/share/init?surl=huWF4m7k9TLWIehn-pNatw&pwd=m6wy\",\"share_source\": \"baidu\",\"share_time\": 1651140078737},\"baidu#r9qvaGcKgL0TfIkPHk5XKw\": {\"share_id\": \"r9qvaGcKgL0TfIkPHk5XKw\",\"share_pwd\": \"pmk4\",\"share_link\": \"https://pan.baidu.com/share/init?surl=r9qvaGcKgL0TfIkPHk5XKw#pmk4\",\"share_source\": \"baidu\",\"share_time\": 1652436737630},\"lanzous#ijgqw04y1tti\": {\"share_id\": \"ijgqw04y1tti\",\"share_pwd\": \"6666\",\"share_link\": \"https://lanzoux.com/ijgqw04y1tti\",\"share_source\": \"lanzous\",\"share_time\": 1652707393114},\"baidu#dSKnESci3RqW-heAlna8Vw\": {\"share_id\": \"dSKnESci3RqW-heAlna8Vw\",\"share_pwd\": \"93qj\",\"share_link\": \"https://pan.baidu.com/share/init?surl=dSKnESci3RqW-heAlna8Vw#93qj\",\"share_source\": \"baidu\",\"share_time\": 1653205904285},\"baidu#imq9_h9FhAJx06gZ0jO1JQ\": {\"share_id\": \"imq9_h9FhAJx06gZ0jO1JQ\",\"share_pwd\": \"56aj\",\"share_link\": \"https://pan.baidu.com/share/init?surl=imq9_h9FhAJx06gZ0jO1JQ\",\"share_source\": \"baidu\",\"share_time\": 1659865841221},\"baidu#eDSek8gfU8xhPR6rAerLew\": {\"share_id\": \"eDSek8gfU8xhPR6rAerLew\",\"share_pwd\": \"j8j6\",\"share_link\": \"https://pan.baidu.com/share/init?surl=eDSek8gfU8xhPR6rAerLew&pwd=j8j6\",\"share_source\": \"baidu\",\"share_time\": 1659364487070},\"baidu#buNGeKWaClkE1-rx0wQtGg\": {\"share_id\": \"buNGeKWaClkE1-rx0wQtGg\",\"share_pwd\": \"ffme\",\"share_link\": \"https://pan.baidu.com/share/init?surl=buNGeKWaClkE1-rx0wQtGg&pwd=ffme#list/path=%2Fsharelink3569528423-148320724341170%2F%E3%80%90%E6%9B%B4%E6%96%B0%E4%B8%AD%E3%80%91%E6%9D%8E%E9%B8%A3%EF%BC%9A%E7%B2%BE%E7%A5%9E%E5%88%86%E6%9E%90%E5%85%A8%E9%98%B6%E7%B3%BB%E7%BB%9F120%E8%AE%B2&parentPath=%2Fsharelink3569528423-148320724341170\",\"share_source\": \"baidu\",\"share_time\": 1659364506197},\"baidu#tMZ18-tQu61BD2lNTOe04w\": {\"share_id\": \"tMZ18-tQu61BD2lNTOe04w\",\"share_pwd\": \"9bpw\",\"share_link\": \"https://pan.baidu.com/share/init?surl=tMZ18-tQu61BD2lNTOe04w&pwd=9bpw#9bpw\",\"share_source\": \"baidu\",\"share_time\": 1662948052034},\"baidu#fIaDZZnqksBFEvCEZJN1jw\": {\"share_id\": \"fIaDZZnqksBFEvCEZJN1jw\",\"share_pwd\": \"5555\",\"share_link\": \"https://pan.baidu.com/share/init?surl=fIaDZZnqksBFEvCEZJN1jw#2e13\",\"share_source\": \"baidu\",\"share_time\": 1664963644743},\"baidu#vJNbx8gL6viqy8zhKMQDkQ\": {\"share_id\": \"vJNbx8gL6viqy8zhKMQDkQ\",\"share_pwd\": \"451p\",\"share_link\": \"https://pan.baidu.com/share/init?surl=vJNbx8gL6viqy8zhKMQDkQ&pwd=451p\",\"share_source\": \"baidu\",\"share_time\": 1664963663639},\"baidu#L_LLcK04ukIKT97KJtdarw\": {\"share_id\": \"L_LLcK04ukIKT97KJtdarw\",\"share_pwd\": \"2lfa\",\"share_link\": \"https://pan.baidu.com/share/init?surl=L_LLcK04ukIKT97KJtdarw\",\"share_source\": \"baidu\",\"share_time\": 1668076611960},\"baidu#4jX_miisYdHyGKr6OfXffA\": {\"share_id\": \"4jX_miisYdHyGKr6OfXffA\",\"share_pwd\": \"h52e\",\"share_link\": \"https://pan.baidu.com/share/init?surl=4jX_miisYdHyGKr6OfXffA&pwd=h52e#h52e\",\"share_source\": \"baidu\",\"share_time\": 1672312598018},\"baidu#Sehue2W6A1cOv0DcFZgXTQ\": {\"share_id\": \"Sehue2W6A1cOv0DcFZgXTQ\",\"share_pwd\": \"u9ew\",\"share_link\": \"https://pan.baidu.com/share/init?surl=Sehue2W6A1cOv0DcFZgXTQ&pwd=u9ew#u9ew\",\"share_source\": \"baidu\",\"share_time\": 1674117965988},\"baidu#mHOkUcULBpKuofiY-fQPOg\": {\"share_id\": \"mHOkUcULBpKuofiY-fQPOg\",\"share_pwd\": \"rmsy\",\"share_link\": \"https://pan.baidu.com/share/init?surl=mHOkUcULBpKuofiY-fQPOg&pwd=rmsy#rmsy\",\"share_source\": \"baidu\",\"share_time\": 1674271873699},\"baidu#YqxlpsFaGM5cOtjHeXJUnQ\": {\"share_id\": \"YqxlpsFaGM5cOtjHeXJUnQ\",\"share_pwd\": \"ehtg\",\"share_link\": \"https://pan.baidu.com/share/init?surl=YqxlpsFaGM5cOtjHeXJUnQ\",\"share_source\": \"baidu\",\"share_time\": 1674469104436}}}","$storage":"o{\"version_date\": \"20230310\",\"version_payload\": {\"version\": \"0.4.7\"},\"version_latest\": \"0.4.7\"}"}}