{"ts":1673140774922,"data":{"$check":"o{\"baidu#14jX_miisYdHyGKr6OfXffA\": {\"share_id\": \"14jX_miisYdHyGKr6OfXffA\",\"share_source\": \"baidu\",\"check_state\": 2,\"check_time\": 1672312589609},\"ty189#JbMrmiqqQn22\": {\"share_id\": \"JbMrmiqqQn22\",\"share_source\": \"ty189\",\"check_state\": 2,\"check_time\": 1673140767037},\"ty189#YfiYBnmAJfMv\": {\"share_id\": \"YfiYBnmAJfMv\",\"share_source\": \"ty189\",\"check_state\": 2,\"check_time\": 1673140766979},\"ty189#JRJV73NRVjyi\": {\"share_id\": \"JRJV73NRVjyi\",\"share_source\": \"ty189\",\"check_state\": 2,\"check_time\": 1673140767035},\"ty189#zAFfUbAzeUNf\": {\"share_id\": \"zAFfUbAzeUNf\",\"share_source\": \"ty189\",\"check_state\": 2,\"check_time\": 1673140767019},\"ty189#QfQVRrrqiEFf\": {\"share_id\": \"QfQVRrrqiEFf\",\"share_source\": \"ty189\",\"check_state\": 2,\"check_time\": 1673140767026},\"ty189#Bb2AnuBNZBJz\": {\"share_id\": \"Bb2AnuBNZBJz\",\"share_source\": \"ty189\",\"check_state\": 2,\"check_time\": 1673140767028},\"ty189#je22eqzYV3Ib\": {\"share_id\": \"je22eqzYV3Ib\",\"share_source\": \"ty189\",\"check_state\": 2,\"check_time\": 1672649520177},\"ty189#F3aueiFZ3YNn\": {\"share_id\": \"F3aueiFZ3YNn\",\"share_source\": \"ty189\",\"check_state\": 2,\"check_time\": 1673097527619},\"pan123#uQCRVv-NVrlA\": {\"share_id\": \"uQCRVv-NVrlA\",\"share_source\": \"pan123\",\"check_state\": 1,\"check_time\": 1673097527768},\"pan123#uQCRVv-Cx8lA\": {\"share_id\": \"uQCRVv-Cx8lA\",\"share_source\": \"pan123\",\"check_state\": 1,\"check_time\": 1673097527770},\"pan123#uQCRVv-ta8lA\": {\"share_id\": \"uQCRVv-ta8lA\",\"share_source\": \"pan123\",\"check_state\": 1,\"check_time\": 1673097527798},\"pan123#uQCRVv-Do8lA\": {\"share_id\": \"uQCRVv-Do8lA\",\"share_source\": \"pan123\",\"check_state\": 1,\"check_time\": 1673097527803},\"pan123#uQCRVv-Oo8lA\": {\"share_id\": \"uQCRVv-Oo8lA\",\"share_source\": \"pan123\",\"check_state\": 1,\"check_time\": 1673097527803},\"pan123#uQCRVv-Za8lA\": {\"share_id\": \"uQCRVv-Za8lA\",\"share_source\": \"pan123\",\"check_state\": 1,\"check_time\": 1673097527804},\"pan123#uQCRVv-Ro8lA\": {\"share_id\": \"uQCRVv-Ro8lA\",\"share_source\": \"pan123\",\"check_state\": 1,\"check_time\": 1673097527805},\"pan123#uQCRVv-ca8lA\": {\"share_id\": \"uQCRVv-ca8lA\",\"share_source\": \"pan123\",\"check_state\": 1,\"check_time\": 1673097527809},\"pan123#uQCRVv-ea8lA\": {\"share_id\": \"uQCRVv-ea8lA\",\"share_source\": \"pan123\",\"check_state\": 1,\"check_time\": 1673097527810},\"baidu#1XrUFM0aOuVsTAbQtQ2fBYA\": {\"share_id\": \"1XrUFM0aOuVsTAbQtQ2fBYA\",\"share_source\": \"baidu\",\"check_state\": 2,\"check_time\": 1673097528228},\"baidu#1zLa9b2yhmuo0o8u37L5QoQ\": {\"share_id\": \"1zLa9b2yhmuo0o8u37L5QoQ\",\"share_source\": \"baidu\",\"check_state\": 2,\"check_time\": 1673097528272},\"baidu#1kD37tILkOnpdBh6aYQRw0Q\": {\"share_id\": \"1kD37tILkOnpdBh6aYQRw0Q\",\"share_source\": \"baidu\",\"check_state\": 2,\"check_time\": 1673097528525},\"baidu#107g0000JM33m4Rb2dto0_Q\": {\"share_id\": \"107g0000JM33m4Rb2dto0_Q\",\"share_source\": \"baidu\",\"check_state\": 2,\"check_time\": 1673097528598},\"baidu#1XtenHIaQHGgdjdeYQ8fd5A\": {\"share_id\": \"1XtenHIaQHGgdjdeYQ8fd5A\",\"share_source\": \"baidu\",\"check_state\": 2,\"check_time\": 1673097528601},\"baidu#19-GMEs6CSdO-QOlBdpBkmA\": {\"share_id\": \"19-GMEs6CSdO-QOlBdpBkmA\",\"share_source\": \"baidu\",\"check_state\": 2,\"check_time\": 1673097528603},\"baidu#1p90fsjf38WA2GlioDTn6Dw\": {\"share_id\": \"1p90fsjf38WA2GlioDTn6Dw\",\"share_source\": \"baidu\",\"check_state\": 2,\"check_time\": 1673097528603},\"baidu#1HXlFLhr6yF6wTy-J7EztRA\": {\"share_id\": \"1HXlFLhr6yF6wTy-J7EztRA\",\"share_source\": \"baidu\",\"check_state\": 2,\"check_time\": 1673097529137},\"baidu#1Q6Cc8zcB7-AV7In0spB4Aw\": {\"share_id\": \"1Q6Cc8zcB7-AV7In0spB4Aw\",\"share_source\": \"baidu\",\"check_state\": 2,\"check_time\": 1673097529138},\"pan123#uQCRVv-6d8lA\": {\"share_id\": \"uQCRVv-6d8lA\",\"share_source\": \"pan123\",\"check_state\": 1,\"check_time\": 1673097532747},\"pan123#uQCRVv-Gd8lA\": {\"share_id\": \"uQCRVv-Gd8lA\",\"share_source\": \"pan123\",\"check_state\": 1,\"check_time\": 1673097532748},\"pan123#uQCRVv-qd8lA\": {\"share_id\": \"uQCRVv-qd8lA\",\"share_source\": \"pan123\",\"check_state\": 1,\"check_time\": 1673097532750},\"pan123#uQCRVv-DVrlA\": {\"share_id\": \"uQCRVv-DVrlA\",\"share_source\": \"pan123\",\"check_state\": 1,\"check_time\": 1673097532751},\"pan123#uQCRVv-9o8lA\": {\"share_id\": \"uQCRVv-9o8lA\",\"share_source\": \"pan123\",\"check_state\": 1,\"check_time\": 1673097532752},\"pan123#uQCRVv-vQ8lA\": {\"share_id\": \"uQCRVv-vQ8lA\",\"share_source\": \"pan123\",\"check_state\": 1,\"check_time\": 1673097532753},\"pan123#uQCRVv-hQ8lA\": {\"share_id\": \"uQCRVv-hQ8lA\",\"share_source\": \"pan123\",\"check_state\": 1,\"check_time\": 1673097532754},\"pan123#uQCRVv-8h8lA\": {\"share_id\": \"uQCRVv-8h8lA\",\"share_source\": \"pan123\",\"check_state\": 1,\"check_time\": 1673097532755},\"pan123#uQCRVv-5d8lA\": {\"share_id\": \"uQCRVv-5d8lA\",\"share_source\": \"pan123\",\"check_state\": 1,\"check_time\": 1673097532755},\"pan123#uQCRVv-RVrlA\": {\"share_id\": \"uQCRVv-RVrlA\",\"share_source\": \"pan123\",\"check_state\": 1,\"check_time\": 1673097532756},\"ty189#FJnAVnbQriIr\": {\"share_id\": \"FJnAVnbQriIr\",\"share_source\": \"ty189\",\"check_state\": -1,\"check_time\": 1673097532757},\"ty189#faim2eNfqiqm\": {\"share_id\": \"faim2eNfqiqm\",\"share_source\": \"ty189\",\"check_state\": -1,\"check_time\": 1673097532757},\"ty189#Rb6JnaeQj6Jn\": {\"share_id\": \"Rb6JnaeQj6Jn\",\"share_source\": \"ty189\",\"check_state\": -1,\"check_time\": 1673097532758},\"ty189#M7vaUjuM36zi\": {\"share_id\": \"M7vaUjuM36zi\",\"share_source\": \"ty189\",\"check_state\": -1,\"check_time\": 1673097532758},\"ty189#rqUfqmE3EZFz\": {\"share_id\": \"rqUfqmE3EZFz\",\"share_source\": \"ty189\",\"check_state\": -1,\"check_time\": 1673097532759},\"ty189#qIvEveuYvIz2\": {\"share_id\": \"qIvEveuYvIz2\",\"share_source\": \"ty189\",\"check_state\": -1,\"check_time\": 1673097532759},\"ty189#Z7N3emjqI7vi\": {\"share_id\": \"Z7N3emjqI7vi\",\"share_source\": \"ty189\",\"check_state\": -1,\"check_time\": 1673097532760},\"ty189#ZZfUJbE3yyIz\": {\"share_id\": \"ZZfUJbE3yyIz\",\"share_source\": \"ty189\",\"check_state\": -1,\"check_time\": 1673097532760},\"ty189#yQVr637v6Nv2\": {\"share_id\": \"yQVr637v6Nv2\",\"share_source\": \"ty189\",\"check_state\": -1,\"check_time\": 1673097532761},\"pan123#uQCRVv-rVrlA\": {\"share_id\": \"uQCRVv-rVrlA\",\"share_source\": \"pan123\",\"check_state\": 1,\"check_time\": 1673097532761},\"pan123#uQCRVv-D6rlA\": {\"share_id\": \"uQCRVv-D6rlA\",\"share_source\": \"pan123\",\"check_state\": 1,\"check_time\": 1673097532762},\"pan123#uQCRVv-HcrlA\": {\"share_id\": \"uQCRVv-HcrlA\",\"share_source\": \"pan123\",\"check_state\": 1,\"check_time\": 1673097532762},\"pan123#uQCRVv-r6rlA\": {\"share_id\": \"uQCRVv-r6rlA\",\"share_source\": \"pan123\",\"check_state\": 1,\"check_time\": 1673097532763},\"pan123#uQCRVv-SqrlA\": {\"share_id\": \"uQCRVv-SqrlA\",\"share_source\": \"pan123\",\"check_state\": 1,\"check_time\": 1673097532763},\"pan123#uQCRVv-E6rlA\": {\"share_id\": \"uQCRVv-E6rlA\",\"share_source\": \"pan123\",\"check_state\": 1,\"check_time\": 1673097532793},\"pan123#uQCRVv-eqrlA\": {\"share_id\": \"uQCRVv-eqrlA\",\"share_source\": \"pan123\",\"check_state\": 1,\"check_time\": 1673097532764},\"pan123#uQCRVv-Q6rlA\": {\"share_id\": \"uQCRVv-Q6rlA\",\"share_source\": \"pan123\",\"check_state\": 1,\"check_time\": 1673097532765},\"pan123#uQCRVv-9erlA\": {\"share_id\": \"uQCRVv-9erlA\",\"share_source\": \"pan123\",\"check_state\": 1,\"check_time\": 1673097532765},\"pan123#uQCRVv-yZrlA\": {\"share_id\": \"uQCRVv-yZrlA\",\"share_source\": \"pan123\",\"check_state\": 1,\"check_time\": 1673097532766},\"pan123#uQCRVv-AerlA\": {\"share_id\": \"uQCRVv-AerlA\",\"share_source\": \"pan123\",\"check_state\": 1,\"check_time\": 1673097532766},\"pan123#uQCRVv-w7rlA\": {\"share_id\": \"uQCRVv-w7rlA\",\"share_source\": \"pan123\",\"check_state\": 1,\"check_time\": 1673097532767},\"pan123#uQCRVv-JqrlA\": {\"share_id\": \"uQCRVv-JqrlA\",\"share_source\": \"pan123\",\"check_state\": 1,\"check_time\": 1673097532767},\"pan123#uQCRVv-JZrlA\": {\"share_id\": \"uQCRVv-JZrlA\",\"share_source\": \"pan123\",\"check_state\": 1,\"check_time\": 1673097532768},\"pan123#uQCRVv-c7rlA\": {\"share_id\": \"uQCRVv-c7rlA\",\"share_source\": \"pan123\",\"check_state\": 1,\"check_time\": 1673097532768},\"pan123#uQCRVv-R6rlA\": {\"share_id\": \"uQCRVv-R6rlA\",\"share_source\": \"pan123\",\"check_state\": 1,\"check_time\": 1673097532769},\"pan123#uQCRVv-xVrlA\": {\"share_id\": \"uQCRVv-xVrlA\",\"share_source\": \"pan123\",\"check_state\": 1,\"check_time\": 1673097532769},\"pan123#uQCRVv-AcrlA\": {\"share_id\": \"uQCRVv-AcrlA\",\"share_source\": \"pan123\",\"check_state\": 1,\"check_time\": 1673097532770},\"pan123#uQCRVv-iSrlA\": {\"share_id\": \"uQCRVv-iSrlA\",\"share_source\": \"pan123\",\"check_state\": 1,\"check_time\": 1673097532770},\"pan123#uQCRVv-KurlA\": {\"share_id\": \"uQCRVv-KurlA\",\"share_source\": \"pan123\",\"check_state\": 1,\"check_time\": 1673097532771},\"pan123#uQCRVv-57rlA\": {\"share_id\": \"uQCRVv-57rlA\",\"share_source\": \"pan123\",\"check_state\": 1,\"check_time\": 1673097532783},\"pan123#uQCRVv-BZrlA\": {\"share_id\": \"uQCRVv-BZrlA\",\"share_source\": \"pan123\",\"check_state\": 1,\"check_time\": 1673097532784},\"pan123#uQCRVv-VlrlA\": {\"share_id\": \"uQCRVv-VlrlA\",\"share_source\": \"pan123\",\"check_state\": 1,\"check_time\": 1673097532784},\"pan123#uQCRVv-zSrlA\": {\"share_id\": \"uQCRVv-zSrlA\",\"share_source\": \"pan123\",\"check_state\": 1,\"check_time\": 1673097532785},\"ty189#7NzMJrR367fi\": {\"share_id\": \"7NzMJrR367fi\",\"share_source\": \"ty189\",\"check_state\": 2,\"check_time\": 1673097532796},\"ty189#ZZzqA3Yvyyiq\": {\"share_id\": \"ZZzqA3Yvyyiq\",\"share_source\": \"ty189\",\"check_state\": -1,\"check_time\": 1673097532786},\"ty189#eAB322qMraUv\": {\"share_id\": \"eAB322qMraUv\",\"share_source\": \"ty189\",\"check_state\": 2,\"check_time\": 1673097532787},\"ty189#vQFnaaUBJz2q\": {\"share_id\": \"vQFnaaUBJz2q\",\"share_source\": \"ty189\",\"check_state\": 2,\"check_time\": 1673097532787},\"ty189#ZbMzE3MbInay\": {\"share_id\": \"ZbMzE3MbInay\",\"share_source\": \"ty189\",\"check_state\": 2,\"check_time\": 1673097532788},\"ty189#I7Jfqyi2Azae\": {\"share_id\": \"I7Jfqyi2Azae\",\"share_source\": \"ty189\",\"check_state\": 2,\"check_time\": 1673097532790},\"ty189#qQnUnevQZrYz\": {\"share_id\": \"qQnUnevQZrYz\",\"share_source\": \"ty189\",\"check_state\": 2,\"check_time\": 1673097532790},\"ty189#6zYriaVF3uUf\": {\"share_id\": \"6zYriaVF3uUf\",\"share_source\": \"ty189\",\"check_state\": 1,\"check_time\": 1673097532791},\"ty189#nYjqmqnmyuEv\": {\"share_id\": \"nYjqmqnmyuEv\",\"share_source\": \"ty189\",\"check_state\": 2,\"check_time\": 1673097532792},\"ty189#JJ3iIv3myMji\": {\"share_id\": \"JJ3iIv3myMji\",\"share_source\": \"ty189\",\"check_state\": 1,\"check_time\": 1673097532792},\"ty189#2IBb22vyENVz\": {\"share_id\": \"2IBb22vyENVz\",\"share_source\": \"ty189\",\"check_state\": 2,\"check_time\": 1673097532794},\"ty189#rmiQ73Vzmaey\": {\"share_id\": \"rmiQ73Vzmaey\",\"share_source\": \"ty189\",\"check_state\": 1,\"check_time\": 1673097532794},\"ty189#BvQfyuYvAvMj\": {\"share_id\": \"BvQfyuYvAvMj\",\"share_source\": \"ty189\",\"check_state\": -1,\"check_time\": 1673097532795},\"ty189#IZBnaaa2QVZr\": {\"share_id\": \"IZBnaaa2QVZr\",\"share_source\": \"ty189\",\"check_state\": 2,\"check_time\": 1673097532796},\"ty189#AnUb6rRb2MRv\": {\"share_id\": \"AnUb6rRb2MRv\",\"share_source\": \"ty189\",\"check_state\": 2,\"check_time\": 1673097532797},\"ty189#jy6zErRriq2m\": {\"share_id\": \"jy6zErRriq2m\",\"share_source\": \"ty189\",\"check_state\": 2,\"check_time\": 1673097532798},\"ty189#nmEVziJJRni2\": {\"share_id\": \"nmEVziJJRni2\",\"share_source\": \"ty189\",\"check_state\": 2,\"check_time\": 1673097532798},\"ty189#iMJvmyB3UzYr\": {\"share_id\": \"iMJvmyB3UzYr\",\"share_source\": \"ty189\",\"check_state\": 2,\"check_time\": 1673097532799},\"ty189#VVZRziq6NV3q\": {\"share_id\": \"VVZRziq6NV3q\",\"share_source\": \"ty189\",\"check_state\": 2,\"check_time\": 1673097532799},\"ty189#qi6FRvUbQJVv\": {\"share_id\": \"qi6FRvUbQJVv\",\"share_source\": \"ty189\",\"check_state\": 1,\"check_time\": 1673097532800},\"ty189#bmmyimMRfe2e\": {\"share_id\": \"bmmyimMRfe2e\",\"share_source\": \"ty189\",\"check_state\": 2,\"check_time\": 1673097532801},\"ty189#uyaam2NbYZba\": {\"share_id\": \"uyaam2NbYZba\",\"share_source\": \"ty189\",\"check_state\": 2,\"check_time\": 1673097532801},\"ty189#JJ32aiaeIF3a\": {\"share_id\": \"JJ32aiaeIF3a\",\"share_source\": \"ty189\",\"check_state\": 2,\"check_time\": 1673097532802},\"baidu#1_5EJHtIE6cz96-UF0jMzfg\": {\"share_id\": \"1_5EJHtIE6cz96-UF0jMzfg\",\"share_source\": \"baidu\",\"check_state\": -1,\"check_time\": 1673097533197},\"baidu#1mHtXHyerODVuDG0sk2aZuA\": {\"share_id\": \"1mHtXHyerODVuDG0sk2aZuA\",\"share_source\": \"baidu\",\"check_state\": -1,\"check_time\": 1673097533697},\"baidu#111eKiruaurixlzf3Xfc5iw\": {\"share_id\": \"111eKiruaurixlzf3Xfc5iw\",\"share_source\": \"baidu\",\"check_state\": -1,\"check_time\": 1673097533950},\"baidu#1iy7b3-5KIokscSVkMmQ1_g\": {\"share_id\": \"1iy7b3-5KIokscSVkMmQ1_g\",\"share_source\": \"baidu\",\"check_state\": -1,\"check_time\": 1673097535384},\"baidu#1jt_kiCWv6aRpHCmZdeJPzw\": {\"share_id\": \"1jt_kiCWv6aRpHCmZdeJPzw\",\"share_source\": \"baidu\",\"check_state\": 2,\"check_time\": 1673097535391},\"baidu#1YNVC5gEqHFH3QUmw45PUMQ\": {\"share_id\": \"1YNVC5gEqHFH3QUmw45PUMQ\",\"share_source\": \"baidu\",\"check_state\": 2,\"check_time\": 1673097535392},\"baidu#1bY0ljiKQ9NaOLc2k26893g\": {\"share_id\": \"1bY0ljiKQ9NaOLc2k26893g\",\"share_source\": \"baidu\",\"check_state\": 2,\"check_time\": 1673097535392},\"baidu#1VB7kzUy8L9oAlMcr0IRZ8Q\": {\"share_id\": \"1VB7kzUy8L9oAlMcr0IRZ8Q\",\"share_source\": \"baidu\",\"check_state\": 2,\"check_time\": 1673097535393},\"baidu#18J3N1ixKNGcXxbQW4zd7Tw\": {\"share_id\": \"18J3N1ixKNGcXxbQW4zd7Tw\",\"share_source\": \"baidu\",\"check_state\": 2,\"check_time\": 1673097535394},\"baidu#1Z29dbJuTG-N6nAJKSEKnZQ\": {\"share_id\": \"1Z29dbJuTG-N6nAJKSEKnZQ\",\"share_source\": \"baidu\",\"check_state\": 2,\"check_time\": 1673097535394},\"ty189#vYruMfMNVnyi\": {\"share_id\": \"vYruMfMNVnyi\",\"share_source\": \"ty189\",\"check_state\": 2,\"check_time\": 1673140767052},\"ty189#FFruumRVFVBj\": {\"share_id\": \"FFruumRVFVBj\",\"share_source\": \"ty189\",\"check_state\": 2,\"check_time\": 1673140774877},\"ty189#BBJ3Mva6RVfa\": {\"share_id\": \"BBJ3Mva6RVfa\",\"share_source\": \"ty189\",\"check_state\": 2,\"check_time\": 1673140774878},\"ty189#y6jeeiNvymIf\": {\"share_id\": \"y6jeeiNvymIf\",\"share_source\": \"ty189\",\"check_state\": 2,\"check_time\": 1673140774883},\"ty189#iUby6r73eqUb\": {\"share_id\": \"iUby6r73eqUb\",\"share_source\": \"ty189\",\"check_state\": 2,\"check_time\": 1673140774884},\"ty189#fU7jIvB7FJj2\": {\"share_id\": \"fU7jIvB7FJj2\",\"share_source\": \"ty189\",\"check_state\": 2,\"check_time\": 1673140774884},\"ty189#uaU7nyqeyuEf\": {\"share_id\": \"uaU7nyqeyuEf\",\"share_source\": \"ty189\",\"check_state\": 2,\"check_time\": 1673140774885},\"ty189#iMvuym32uYnu\": {\"share_id\": \"iMvuym32uYnu\",\"share_source\": \"ty189\",\"check_state\": 2,\"check_time\": 1673140774922}}"}}