{"ts":1678590201114,"data":{"$check":"o{\"baidu#id7c\": {\"share_id\": \"id7c\",\"share_source\": \"baidu\",\"check_state\": -1,\"check_time\": 1663330733231},\"baidu#15HWGjk53UKxmRm-lUQc1Yw\": {\"share_id\": \"15HWGjk53UKxmRm-lUQc1Yw\",\"share_source\": \"baidu\",\"check_state\": 2,\"check_time\": 1663330734454},\"baidu#3jISWQVk\": {\"share_id\": \"3jISWQVk\",\"share_source\": \"baidu\",\"check_state\": 2,\"check_time\": 1663330948697},\"weiyun#yHDErgUc\": {\"share_id\": \"yHDErgUc\",\"share_source\": \"weiyun\",\"check_state\": 1,\"check_time\": 1663401879044},\"aliyun#msFDUunfDjm\": {\"share_id\": \"msFDUunfDjm\",\"share_source\": \"aliyun\",\"check_state\": 1,\"check_time\": 1663401884044},\"lanzou#iXCQe0bok4di\": {\"share_id\": \"iXCQe0bok4di\",\"share_source\": \"lanzou\",\"check_state\": 2,\"check_time\": 1663401930532},\"lanzou#iqUL40brxfyb\": {\"share_id\": \"iqUL40brxfyb\",\"share_source\": \"lanzou\",\"check_state\": 2,\"check_time\": 1663401930536},\"lanzou#i1nRg0avzsbg\": {\"share_id\": \"i1nRg0avzsbg\",\"share_source\": \"lanzou\",\"check_state\": 2,\"check_time\": 1663401930568},\"baidu#1txzuwjGjns4OsNVkKdRQzg\": {\"share_id\": \"1txzuwjGjns4OsNVkKdRQzg\",\"share_source\": \"baidu\",\"check_state\": 2,\"check_time\": 1663405312326},\"baidu#1T7ZLQUmtTd0TPB83erj11A\": {\"share_id\": \"1T7ZLQUmtTd0TPB83erj11A\",\"share_source\": \"baidu\",\"check_state\": 2,\"check_time\": 1663405312434},\"baidu#1Pv8lGYjn1EhE4rfIDRJBtw\": {\"share_id\": \"1Pv8lGYjn1EhE4rfIDRJBtw\",\"share_source\": \"baidu\",\"check_state\": 2,\"check_time\": 1667042665783},\"baidu#1JnAuUTNkivZmh9hZfijRMg\": {\"share_id\": \"1JnAuUTNkivZmh9hZfijRMg\",\"share_source\": \"baidu\",\"check_state\": 2,\"pwd\": \"\",\"check_time\": 1673511108927},\"baidu#1BcjCTOgdYMQncESbsB512g\": {\"share_id\": \"1BcjCTOgdYMQncESbsB512g\",\"share_source\": \"baidu\",\"check_state\": 2,\"pwd\": \"\",\"check_time\": 1673511109140},\"baidu#139QxQ8lE1oUdrD1nwntlaA\": {\"share_id\": \"139QxQ8lE1oUdrD1nwntlaA\",\"share_source\": \"baidu\",\"check_state\": 2,\"pwd\": \"\",\"check_time\": 1673511109124},\"weiyun#J3qPyKAM\": {\"share_id\": \"J3qPyKAM\",\"share_source\": \"weiyun\",\"check_state\": 1,\"check_time\": 1663570451689},\"lanzou#b0f1t9l0b\": {\"share_id\": \"b0f1t9l0b\",\"share_source\": \"lanzou\",\"check_state\": 1,\"check_time\": 1663591273531},\"lanzou#b073c7g4f\": {\"share_id\": \"b073c7g4f\",\"share_source\": \"lanzou\",\"check_state\": 1,\"check_time\": 1663591273594},\"pan123#FgeA-uiiCh\": {\"share_id\": \"FgeA-uiiCh\",\"share_source\": \"pan123\",\"check_state\": 2,\"check_time\": 1663591350036},\"baidu#1jIfdzhk\": {\"share_id\": \"1jIfdzhk\",\"share_source\": \"baidu\",\"check_state\": 2,\"check_time\": 1663591435195},\"ty189#AbIRbijMFVVz\": {\"share_id\": \"AbIRbijMFVVz\",\"share_source\": \"ty189\",\"check_state\": 2,\"check_time\": 1664097915197},\"ty189#QfQVRrrqiEFf\": {\"share_id\": \"QfQVRrrqiEFf\",\"share_source\": \"ty189\",\"check_state\": 2,\"pwd\": \"9jrv\",\"check_time\": 1678587787066},\"ty189#AfaIvqZryQ7j\": {\"share_id\": \"AfaIvqZryQ7j\",\"share_source\": \"ty189\",\"check_state\": 2,\"check_time\": 1664097915196},\"ty189#3iye6vbAZRNj\": {\"share_id\": \"3iye6vbAZRNj\",\"share_source\": \"ty189\",\"check_state\": 2,\"check_time\": 1667114283192},\"ty189#zAFfUbAzeUNf\": {\"share_id\": \"zAFfUbAzeUNf\",\"share_source\": \"ty189\",\"check_state\": 2,\"pwd\": \"6gmo\",\"check_time\": 1678587787061},\"ty189#UFVJnu2auUby\": {\"share_id\": \"UFVJnu2auUby\",\"share_source\": \"ty189\",\"check_state\": -1,\"check_time\": 1663645909094},\"ty189#y6jeeiNvymIf\": {\"share_id\": \"y6jeeiNvymIf\",\"share_source\": \"ty189\",\"check_state\": 2,\"pwd\": \"nzh6\",\"check_time\": 1678590200961},\"ty189#eEvuQfEFVfqi\": {\"share_id\": \"eEvuQfEFVfqi\",\"share_source\": \"ty189\",\"check_state\": 2,\"check_time\": 1664097911254},\"ty189#iMvuym32uYnu\": {\"share_id\": \"iMvuym32uYnu\",\"share_source\": \"ty189\",\"check_state\": 2,\"pwd\": \"w3op\",\"check_time\": 1678590200925},\"ty189#fU7jIvB7FJj2\": {\"share_id\": \"fU7jIvB7FJj2\",\"share_source\": \"ty189\",\"check_state\": 2,\"pwd\": \"7fu3\",\"check_time\": 1678590201114},\"ty189#67NrUfUjmYba\": {\"share_id\": \"67NrUfUjmYba\",\"share_source\": \"ty189\",\"check_state\": 2,\"check_time\": 1664627820234},\"ty189#iUby6r73eqUb\": {\"share_id\": \"iUby6r73eqUb\",\"share_source\": \"ty189\",\"check_state\": 2,\"pwd\": \"8hfl\",\"check_time\": 1678590200974},\"ty189#FFruumRVFVBj\": {\"share_id\": \"FFruumRVFVBj\",\"share_source\": \"ty189\",\"check_state\": 2,\"pwd\": \"kj2x\",\"check_time\": 1675169481844},\"pan123#KciRVv-Sfbrv\": {\"share_id\": \"KciRVv-Sfbrv\",\"share_source\": \"pan123\",\"check_state\": 2,\"check_time\": 1663646113470},\"lanzou#b0az9wvwf\": {\"share_id\": \"b0az9wvwf\",\"share_source\": \"lanzou\",\"check_state\": 2,\"check_time\": 1663646113579},\"baidu#14eQIlOsRu_iZoDcfqQxKCg\": {\"share_id\": \"14eQIlOsRu_iZoDcfqQxKCg\",\"share_source\": \"baidu\",\"check_state\": 2,\"check_time\": 1663646114282},\"baidu#1Q1ICBC3daNhq2J9-D6CMzw\": {\"share_id\": \"1Q1ICBC3daNhq2J9-D6CMzw\",\"share_source\": \"baidu\",\"check_state\": 2,\"check_time\": 1663646114407},\"baidu#17XWjCDU6FxxVcaF86o_iyA\": {\"share_id\": \"17XWjCDU6FxxVcaF86o_iyA\",\"share_source\": \"baidu\",\"check_state\": 2,\"check_time\": 1663926732490},\"ty189#vQFnaaUBJz2q\": {\"share_id\": \"vQFnaaUBJz2q\",\"share_source\": \"ty189\",\"check_state\": 2,\"pwd\": \"4cak\",\"check_time\": 1674871545732},\"ty189#7NzMJrR367fi\": {\"share_id\": \"7NzMJrR367fi\",\"share_source\": \"ty189\",\"check_state\": 2,\"pwd\": \"mx41\",\"check_time\": 1674871545701},\"ty189#bmmyimMRfe2e\": {\"share_id\": \"bmmyimMRfe2e\",\"share_source\": \"ty189\",\"check_state\": 2,\"pwd\": \"fnd4\",\"check_time\": 1674871545689},\"ty189#uyaam2NbYZba\": {\"share_id\": \"uyaam2NbYZba\",\"share_source\": \"ty189\",\"check_state\": 2,\"pwd\": \"id2p\",\"check_time\": 1674871545727},\"ty189#F3aueiFZ3YNn\": {\"share_id\": \"F3aueiFZ3YNn\",\"share_source\": \"ty189\",\"check_state\": 2,\"pwd\": \"5tvj\",\"check_time\": 1674871545749},\"pan123#uQCRVv-E6rlA\": {\"share_id\": \"uQCRVv-E6rlA\",\"share_source\": \"pan123\",\"check_state\": 1,\"pwd\": \"\",\"check_time\": 1674871545973},\"pan123#uQCRVv-Gd8lA\": {\"share_id\": \"uQCRVv-Gd8lA\",\"share_source\": \"pan123\",\"check_state\": 1,\"pwd\": \"\",\"check_time\": 1674871545871},\"pan123#uQCRVv-RVrlA\": {\"share_id\": \"uQCRVv-RVrlA\",\"share_source\": \"pan123\",\"check_state\": 1,\"pwd\": \"\",\"check_time\": 1674871545938},\"pan123#uQCRVv-NVrlA\": {\"share_id\": \"uQCRVv-NVrlA\",\"share_source\": \"pan123\",\"check_state\": 1,\"pwd\": \"\",\"check_time\": 1674871545979},\"pan123#uQCRVv-rVrlA\": {\"share_id\": \"uQCRVv-rVrlA\",\"share_source\": \"pan123\",\"check_state\": 1,\"pwd\": \"\",\"check_time\": 1674871545963},\"pan123#uQCRVv-DVrlA\": {\"share_id\": \"uQCRVv-DVrlA\",\"share_source\": \"pan123\",\"check_state\": 1,\"pwd\": \"\",\"check_time\": 1674871545924},\"baidu#1XtenHIaQHGgdjdeYQ8fd5A\": {\"share_id\": \"1XtenHIaQHGgdjdeYQ8fd5A\",\"share_source\": \"baidu\",\"check_state\": 2,\"pwd\": \"q5hc\",\"check_time\": 1674569797918},\"baidu#1OI-4jlUyWOEy_THGTKi1xg\": {\"share_id\": \"1OI-4jlUyWOEy_THGTKi1xg\",\"share_source\": \"baidu\",\"check_state\": 2,\"pwd\": \"aaih\",\"check_time\": 1674214727933},\"baidu#1uyJjkZ4ZkgjWdidf7JsDhw\": {\"share_id\": \"1uyJjkZ4ZkgjWdidf7JsDhw\",\"share_source\": \"baidu\",\"check_state\": 2,\"pwd\": \"k6ep\",\"check_time\": 1674214726946},\"baidu#1jn5c5ED9wC7DcUQKMzO6gg\": {\"share_id\": \"1jn5c5ED9wC7DcUQKMzO6gg\",\"share_source\": \"baidu\",\"check_state\": 2,\"pwd\": \"66k7\",\"check_time\": 1674214726954},\"baidu#1flXA6oTZF-xBFvmDx-MbTw\": {\"share_id\": \"1flXA6oTZF-xBFvmDx-MbTw\",\"share_source\": \"baidu\",\"check_state\": 2,\"pwd\": \"3bx9\",\"check_time\": 1674214726956},\"lanzou#iUMHjuoxyqh\": {\"share_id\": \"iUMHjuoxyqh\",\"share_source\": \"lanzou\",\"check_state\": 1,\"check_time\": 1663928095055},\"ty189#iqeURf2677vm\": {\"share_id\": \"iqeURf2677vm\",\"share_source\": \"ty189\",\"check_state\": 2,\"check_time\": 1663928095057},\"baidu#1eg8z2Kx-f1Skd2mkNu95DA\": {\"share_id\": \"1eg8z2Kx-f1Skd2mkNu95DA\",\"share_source\": \"baidu\",\"check_state\": 2,\"check_time\": 1663991361030},\"baidu#1hiE7998JycO1xn-_GPyDrQ\": {\"share_id\": \"1hiE7998JycO1xn-_GPyDrQ\",\"share_source\": \"baidu\",\"check_state\": 2,\"check_time\": 1663991359030},\"baidu#1_xWdq9\": {\"share_id\": \"1_xWdq9\",\"share_source\": \"baidu\",\"check_state\": -1,\"check_time\": 1663991532463},\"baidu#1c4cvAJA\": {\"share_id\": \"1c4cvAJA\",\"share_source\": \"baidu\",\"check_state\": 1,\"check_time\": 1663991546059},\"baidu#1HNV3EsXadDDXU9HrZZ2OKw\": {\"share_id\": \"1HNV3EsXadDDXU9HrZZ2OKw\",\"share_source\": \"baidu\",\"check_state\": 2,\"check_time\": 1663991574409},\"lanzou#iekUhvhgjjc\": {\"share_id\": \"iekUhvhgjjc\",\"share_source\": \"lanzou\",\"check_state\": 1,\"check_time\": 1664202244721},\"lanzou#b01dwmjeh\": {\"share_id\": \"b01dwmjeh\",\"share_source\": \"lanzou\",\"check_state\": 2,\"check_time\": 1663991939325},\"xunlei#VN0jOuee70cNCvdv1TsgxoXUA1\": {\"share_id\": \"VN0jOuee70cNCvdv1TsgxoXUA1\",\"share_source\": \"xunlei\",\"check_state\": 2,\"check_time\": 1664023254452},\"baidu#1hTAOAU5TEiCQk8WXCCyENA\": {\"share_id\": \"1hTAOAU5TEiCQk8WXCCyENA\",\"share_source\": \"baidu\",\"check_state\": -1,\"check_time\": 1664023857114},\"baidu#1mKfQm9G_861zh6OinZQu-w\": {\"share_id\": \"1mKfQm9G_861zh6OinZQu-w\",\"share_source\": \"baidu\",\"check_state\": 2,\"check_time\": 1664023857154},\"baidu#1mDQhF_ihlCng2nDMcJT5XA\": {\"share_id\": \"1mDQhF_ihlCng2nDMcJT5XA\",\"share_source\": \"baidu\",\"check_state\": 2,\"check_time\": 1664023857394},\"baidu#1ZQXPQVMuoYGjJqtMCeyw2Q\": {\"share_id\": \"1ZQXPQVMuoYGjJqtMCeyw2Q\",\"share_source\": \"baidu\",\"check_state\": 2,\"check_time\": 1664023857636},\"baidu#1j1P4QF9Ht1QTPykfPg12ew\": {\"share_id\": \"1j1P4QF9Ht1QTPykfPg12ew\",\"share_source\": \"baidu\",\"check_state\": -1,\"check_time\": 1664097792170},\"pan123#uQCRVv-Ld8lA\": {\"share_id\": \"uQCRVv-Ld8lA\",\"share_source\": \"pan123\",\"check_state\": 1,\"check_time\": 1664878379686},\"pan123#uQCRVv-5d8lA\": {\"share_id\": \"uQCRVv-5d8lA\",\"share_source\": \"pan123\",\"check_state\": 1,\"pwd\": \"\",\"check_time\": 1674871545934},\"pan123#uQCRVv-6d8lA\": {\"share_id\": \"uQCRVv-6d8lA\",\"share_source\": \"pan123\",\"check_state\": 1,\"pwd\": \"\",\"check_time\": 1674871545921},\"pan123#uQCRVv-qd8lA\": {\"share_id\": \"uQCRVv-qd8lA\",\"share_source\": \"pan123\",\"check_state\": 1,\"pwd\": \"\",\"check_time\": 1674871545916},\"baidu#1Z29dbJuTG-N6nAJKSEKnZQ\": {\"share_id\": \"1Z29dbJuTG-N6nAJKSEKnZQ\",\"share_source\": \"baidu\",\"check_state\": 2,\"pwd\": \"9wwh\",\"check_time\": 1674214726943},\"baidu#1VB7kzUy8L9oAlMcr0IRZ8Q\": {\"share_id\": \"1VB7kzUy8L9oAlMcr0IRZ8Q\",\"share_source\": \"baidu\",\"check_state\": 2,\"pwd\": \"vwfd\",\"check_time\": 1674214726948},\"baidu#1jt_kiCWv6aRpHCmZdeJPzw\": {\"share_id\": \"1jt_kiCWv6aRpHCmZdeJPzw\",\"share_source\": \"baidu\",\"check_state\": 2,\"pwd\": \"p2gy\",\"check_time\": 1674214726940},\"baidu#1WGMwD6fz78FB2N1TG-kTLw\": {\"share_id\": \"1WGMwD6fz78FB2N1TG-kTLw\",\"share_source\": \"baidu\",\"check_state\": 2,\"check_time\": 1664878383532},\"pan123#uQCRVv-purlA\": {\"share_id\": \"uQCRVv-purlA\",\"share_source\": \"pan123\",\"check_state\": 1,\"pwd\": \"\",\"check_time\": 1674386605053},\"ty189#iIbeAfJvMFjm\": {\"share_id\": \"iIbeAfJvMFjm\",\"share_source\": \"ty189\",\"check_state\": 2,\"pwd\": \"he3r\",\"check_time\": 1674386604945},\"ty189#2qYbIv6zmeie\": {\"share_id\": \"2qYbIv6zmeie\",\"share_source\": \"ty189\",\"check_state\": 1,\"pwd\": \"\",\"check_time\": 1674386604934},\"ty189#aE7B7jf2UvUj\": {\"share_id\": \"aE7B7jf2UvUj\",\"share_source\": \"ty189\",\"check_state\": 1,\"pwd\": \"\",\"check_time\": 1674386604947},\"ty189#n6R7JvjIJr6b\": {\"share_id\": \"n6R7JvjIJr6b\",\"share_source\": \"ty189\",\"check_state\": 1,\"pwd\": \"\",\"check_time\": 1674386604940},\"ty189#7NnUjqmM77Rf\": {\"share_id\": \"7NnUjqmM77Rf\",\"share_source\": \"ty189\",\"check_state\": 2,\"pwd\": \"l7qa\",\"check_time\": 1674386604924},\"ty189#fMJNNbuYvyYr\": {\"share_id\": \"fMJNNbuYvyYr\",\"share_source\": \"ty189\",\"check_state\": 1,\"pwd\": \"\",\"check_time\": 1674386604926},\"ty189#yiQVnmzqY7fi\": {\"share_id\": \"yiQVnmzqY7fi\",\"share_source\": \"ty189\",\"check_state\": 1,\"pwd\": \"\",\"check_time\": 1674386604943},\"ty189#Bj2eymiiQvmu\": {\"share_id\": \"Bj2eymiiQvmu\",\"share_source\": \"ty189\",\"check_state\": 2,\"pwd\": \"qc9p\",\"check_time\": 1674386604949},\"ty189#fQZjQ3J7v6Vf\": {\"share_id\": \"fQZjQ3J7v6Vf\",\"share_source\": \"ty189\",\"check_state\": 1,\"pwd\": \"\",\"check_time\": 1674386604938},\"ty189#QbUNFniIjiAf\": {\"share_id\": \"QbUNFniIjiAf\",\"share_source\": \"ty189\",\"check_state\": 2,\"pwd\": \"4cir\",\"check_time\": 1674386604921},\"ty189#FZzARbF7fuEr\": {\"share_id\": \"FZzARbF7fuEr\",\"share_source\": \"ty189\",\"check_state\": 1,\"pwd\": \"\",\"check_time\": 1674386604936},\"ty189#MNr2qqIruYVn\": {\"share_id\": \"MNr2qqIruYVn\",\"share_source\": \"ty189\",\"check_state\": 2,\"pwd\": \"8wxw\",\"check_time\": 1674386604932},\"baidu#1Qeo8Gpt-mP3ljfyHHrVJmQ\": {\"share_id\": \"1Qeo8Gpt-mP3ljfyHHrVJmQ\",\"share_source\": \"baidu\",\"check_state\": 2,\"pwd\": \"4fkj\",\"check_time\": 1674386607296},\"baidu#1qYY6ZmwjKrn8rTmeYllk3Q\": {\"share_id\": \"1qYY6ZmwjKrn8rTmeYllk3Q\",\"share_source\": \"baidu\",\"check_state\": 2,\"pwd\": \"63tp\",\"check_time\": 1674386606921},\"baidu#1Zbwed4MwXoyGpet0yIZFLg\": {\"share_id\": \"1Zbwed4MwXoyGpet0yIZFLg\",\"share_source\": \"baidu\",\"check_state\": 2,\"pwd\": \"bmx5\",\"check_time\": 1674386607092},\"baidu#1Zoi0FJXvRk_B4zix9ZWrOg\": {\"share_id\": \"1Zoi0FJXvRk_B4zix9ZWrOg\",\"share_source\": \"baidu\",\"check_state\": 2,\"pwd\": \"iawe\",\"check_time\": 1674386606530},\"baidu#1rL4iWFDeoIBfFbo4feEFfA\": {\"share_id\": \"1rL4iWFDeoIBfFbo4feEFfA\",\"share_source\": \"baidu\",\"check_state\": 2,\"pwd\": \"pgbc\",\"check_time\": 1674386607252},\"baidu#1z7auIGlffkV3UIYeEYXh-A\": {\"share_id\": \"1z7auIGlffkV3UIYeEYXh-A\",\"share_source\": \"baidu\",\"check_state\": 2,\"pwd\": \"tkfv\",\"check_time\": 1674386606827},\"baidu#1rgCevsQhd9ijc7DyYhdlbw\": {\"share_id\": \"1rgCevsQhd9ijc7DyYhdlbw\",\"share_source\": \"baidu\",\"check_state\": 2,\"pwd\": \"9rra\",\"check_time\": 1674386607593},\"baidu#1yu3ClrvGrmny9g_H_-jkHQ\": {\"share_id\": \"1yu3ClrvGrmny9g_H_-jkHQ\",\"share_source\": \"baidu\",\"check_state\": 2,\"pwd\": \"f68a\",\"check_time\": 1674386608312},\"baidu#1l1309Eu_I4Juim9iPIkL2w\": {\"share_id\": \"1l1309Eu_I4Juim9iPIkL2w\",\"share_source\": \"baidu\",\"check_state\": 2,\"pwd\": \"6c5m\",\"check_time\": 1674386607730},\"baidu#1EJH4_A8etddfNDA_hA24Cg\": {\"share_id\": \"1EJH4_A8etddfNDA_hA24Cg\",\"share_source\": \"baidu\",\"check_state\": 2,\"pwd\": \"4gke\",\"check_time\": 1674386607373},\"baidu#1S0L7UYfjMcDaqLWVm6E85Q\": {\"share_id\": \"1S0L7UYfjMcDaqLWVm6E85Q\",\"share_source\": \"baidu\",\"check_state\": 2,\"pwd\": \"1r53\",\"check_time\": 1674386607680},\"baidu#1eXQ_1KmLFpgDhGQC9U990A\": {\"share_id\": \"1eXQ_1KmLFpgDhGQC9U990A\",\"share_source\": \"baidu\",\"check_state\": 2,\"pwd\": \"8fmn\",\"check_time\": 1674386607078},\"ty189#BBjumuYJR3Qj\": {\"share_id\": \"BBjumuYJR3Qj\",\"share_source\": \"ty189\",\"check_state\": -1,\"check_time\": 1664098219124},\"ty189#M7riuqei2Ira\": {\"share_id\": \"M7riuqei2Ira\",\"share_source\": \"ty189\",\"check_state\": -1,\"check_time\": 1664098219125},\"ty189#bUfYRzUFjMf2\": {\"share_id\": \"bUfYRzUFjMf2\",\"share_source\": \"ty189\",\"check_state\": 2,\"check_time\": 1664098219125},\"ty189#viIBjyFv6fam\": {\"share_id\": \"viIBjyFv6fam\",\"share_source\": \"ty189\",\"check_state\": 2,\"check_time\": 1664098219126},\"ty189#Yz6rUzRBbiiq\": {\"share_id\": \"Yz6rUzRBbiiq\",\"share_source\": \"ty189\",\"check_state\": 2,\"check_time\": 1664098219126},\"ty189#6jQFFvqMFFZv\": {\"share_id\": \"6jQFFvqMFFZv\",\"share_source\": \"ty189\",\"check_state\": 1,\"check_time\": 1664098219127},\"ty189#UVJfamf6F3im\": {\"share_id\": \"UVJfamf6F3im\",\"share_source\": \"ty189\",\"check_state\": 1,\"check_time\": 1664098219128},\"ty189#AVNBZrQf2AFv\": {\"share_id\": \"AVNBZrQf2AFv\",\"share_source\": \"ty189\",\"check_state\": 1,\"check_time\": 1664098219128},\"ty189#7VRZBbju6bEj\": {\"share_id\": \"7VRZBbju6bEj\",\"share_source\": \"ty189\",\"check_state\": 2,\"check_time\": 1664098219129},\"ty189#J3e6JjvMJFja\": {\"share_id\": \"J3e6JjvMJFja\",\"share_source\": \"ty189\",\"check_state\": 1,\"check_time\": 1664098219129},\"ty189#Mb2EJ37Fna6z\": {\"share_id\": \"Mb2EJ37Fna6z\",\"share_source\": \"ty189\",\"check_state\": 1,\"check_time\": 1664098219130},\"ty189#EB3qAbY3im2q\": {\"share_id\": \"EB3qAbY3im2q\",\"share_source\": \"ty189\",\"check_state\": 2,\"check_time\": 1664098219131},\"ty189#Rru2iuBZrA7r\": {\"share_id\": \"Rru2iuBZrA7r\",\"share_source\": \"ty189\",\"check_state\": 2,\"check_time\": 1664098219131},\"ty189#rAbURjB7jiMr\": {\"share_id\": \"rAbURjB7jiMr\",\"share_source\": \"ty189\",\"check_state\": 2,\"check_time\": 1664098219132},\"ty189#aABRZzVb2Yvi\": {\"share_id\": \"aABRZzVb2Yvi\",\"share_source\": \"ty189\",\"check_state\": 1,\"check_time\": 1664098219132},\"ty189#faemeuZVFZRz\": {\"share_id\": \"faemeuZVFZRz\",\"share_source\": \"ty189\",\"check_state\": 2,\"check_time\": 1664098219133},\"pan123#uQCRVv-7lrlA\": {\"share_id\": \"uQCRVv-7lrlA\",\"share_source\": \"pan123\",\"check_state\": 1,\"check_time\": 1664098219133},\"pan123#uQCRVv-xurlA\": {\"share_id\": \"uQCRVv-xurlA\",\"share_source\": \"pan123\",\"check_state\": 1,\"check_time\": 1664098219134},\"pan123#uQCRVv-4urlA\": {\"share_id\": \"uQCRVv-4urlA\",\"share_source\": \"pan123\",\"check_state\": 1,\"check_time\": 1664098219135},\"pan123#uQCRVv-nT8lA\": {\"share_id\": \"uQCRVv-nT8lA\",\"share_source\": \"pan123\",\"check_state\": 1,\"check_time\": 1664098219135},\"pan123#uQCRVv-llrlA\": {\"share_id\": \"uQCRVv-llrlA\",\"share_source\": \"pan123\",\"check_state\": 1,\"check_time\": 1664098219142},\"pan123#uQCRVv-DcrlA\": {\"share_id\": \"uQCRVv-DcrlA\",\"share_source\": \"pan123\",\"check_state\": 1,\"check_time\": 1664098219143},\"pan123#uQCRVv-herlA\": {\"share_id\": \"uQCRVv-herlA\",\"share_source\": \"pan123\",\"check_state\": 1,\"check_time\": 1664098219144},\"pan123#uQCRVv-rcrlA\": {\"share_id\": \"uQCRVv-rcrlA\",\"share_source\": \"pan123\",\"check_state\": 1,\"check_time\": 1664098219144},\"pan123#uQCRVv-iT8lA\": {\"share_id\": \"uQCRVv-iT8lA\",\"share_source\": \"pan123\",\"check_state\": 1,\"check_time\": 1664098219145},\"pan123#uQCRVv-2T8lA\": {\"share_id\": \"uQCRVv-2T8lA\",\"share_source\": \"pan123\",\"check_state\": 1,\"check_time\": 1664098219146},\"pan123#uQCRVv-HerlA\": {\"share_id\": \"uQCRVv-HerlA\",\"share_source\": \"pan123\",\"check_state\": 1,\"check_time\": 1664098219147},\"pan123#uQCRVv-zT8lA\": {\"share_id\": \"uQCRVv-zT8lA\",\"share_source\": \"pan123\",\"check_state\": 1,\"check_time\": 1664098219147},\"baidu#1d24NEzP6q1I6k1Q-_V246A\": {\"share_id\": \"1d24NEzP6q1I6k1Q-_V246A\",\"share_source\": \"baidu\",\"check_state\": 2,\"check_time\": 1664098220287},\"baidu#1XOcSGT1izVymJGbsmMIzNA\": {\"share_id\": \"1XOcSGT1izVymJGbsmMIzNA\",\"share_source\": \"baidu\",\"check_state\": 2,\"check_time\": 1664098220511},\"baidu#1mVgioeok5QLz8Sb2il99OA\": {\"share_id\": \"1mVgioeok5QLz8Sb2il99OA\",\"share_source\": \"baidu\",\"check_state\": 2,\"check_time\": 1664098220523},\"baidu#13Y6m33-_5-8opT-ijVXbTg\": {\"share_id\": \"13Y6m33-_5-8opT-ijVXbTg\",\"share_source\": \"baidu\",\"check_state\": 2,\"check_time\": 1664098220751},\"baidu#1pD13o8DDlkPC7bfTn5u5IA\": {\"share_id\": \"1pD13o8DDlkPC7bfTn5u5IA\",\"share_source\": \"baidu\",\"check_state\": 2,\"check_time\": 1664098220809},\"baidu#1AXpqoJ1ATiT0jydRsPOk7w\": {\"share_id\": \"1AXpqoJ1ATiT0jydRsPOk7w\",\"share_source\": \"baidu\",\"check_state\": 2,\"check_time\": 1664098220886},\"baidu#1Iwkyqg-WqK1kJ1niwqHXsw\": {\"share_id\": \"1Iwkyqg-WqK1kJ1niwqHXsw\",\"share_source\": \"baidu\",\"check_state\": 2,\"check_time\": 1664098220902},\"baidu#1PzGJyFJ-5CY6zf0xJUaXnQ\": {\"share_id\": \"1PzGJyFJ-5CY6zf0xJUaXnQ\",\"share_source\": \"baidu\",\"check_state\": 2,\"check_time\": 1664098220949},\"baidu#1iKKT1zXE3xm0uvUc6S7OOg\": {\"share_id\": \"1iKKT1zXE3xm0uvUc6S7OOg\",\"share_source\": \"baidu\",\"check_state\": 2,\"check_time\": 1664098222044},\"baidu#1Moy0LaXXIdALwZXgylfi8w\": {\"share_id\": \"1Moy0LaXXIdALwZXgylfi8w\",\"share_source\": \"baidu\",\"check_state\": 2,\"check_time\": 1664098222045},\"baidu#1ElW3kKF6NpHALJCc8QNcmQ\": {\"share_id\": \"1ElW3kKF6NpHALJCc8QNcmQ\",\"share_source\": \"baidu\",\"check_state\": 2,\"check_time\": 1664098222046},\"baidu#1RAQH_MN4CGF7PoFs9l0OnA\": {\"share_id\": \"1RAQH_MN4CGF7PoFs9l0OnA\",\"share_source\": \"baidu\",\"check_state\": 2,\"check_time\": 1664098222048},\"baidu#1FFqp412DWKQZk7OeafBBtg\": {\"share_id\": \"1FFqp412DWKQZk7OeafBBtg\",\"share_source\": \"baidu\",\"check_state\": 2,\"check_time\": 1664098222048},\"baidu#13HuTPS7xrscxMMhPz2XosA\": {\"share_id\": \"13HuTPS7xrscxMMhPz2XosA\",\"share_source\": \"baidu\",\"check_state\": 2,\"check_time\": 1664098222049},\"baidu#1EODFANoxhGyGdOZkH-SBUA\": {\"share_id\": \"1EODFANoxhGyGdOZkH-SBUA\",\"share_source\": \"baidu\",\"check_state\": 2,\"check_time\": 1664098222050},\"baidu#1Jxfjk31q0rtVPwD7J-n7Mw\": {\"share_id\": \"1Jxfjk31q0rtVPwD7J-n7Mw\",\"share_source\": \"baidu\",\"check_state\": 2,\"check_time\": 1664098222050},\"baidu#1P5almdDnP68k-MmnsFIOTQ\": {\"share_id\": \"1P5almdDnP68k-MmnsFIOTQ\",\"share_source\": \"baidu\",\"check_state\": 2,\"check_time\": 1664098222051},\"pan123#4fs9-dXnKA\": {\"share_id\": \"4fs9-dXnKA\",\"share_source\": \"pan123\",\"check_state\": 1,\"check_time\": 1664187576486},\"ty189#BbYn22faaAvy\": {\"share_id\": \"BbYn22faaAvy\",\"share_source\": \"ty189\",\"check_state\": 2,\"check_time\": 1664187576490},\"lanzou#b0egboxaj\": {\"share_id\": \"b0egboxaj\",\"share_source\": \"lanzou\",\"check_state\": 2,\"check_time\": 1664187576613},\"ty189#73i2ieFbuqam\": {\"share_id\": \"73i2ieFbuqam\",\"share_source\": \"ty189\",\"check_state\": 2,\"check_time\": 1664202108315},\"ty189#RB3UvifEZNBv\": {\"share_id\": \"RB3UvifEZNBv\",\"share_source\": \"ty189\",\"check_state\": 2,\"check_time\": 1664202108316},\"ty189#22UR3ubqi63q\": {\"share_id\": \"22UR3ubqi63q\",\"share_source\": \"ty189\",\"check_state\": 1,\"check_time\": 1664202108338},\"ty189#emqA3azEjMnu\": {\"share_id\": \"emqA3azEjMnu\",\"share_source\": \"ty189\",\"check_state\": 1,\"check_time\": 1664202108339},\"ty189#yYNFRf7ZbMby\": {\"share_id\": \"yYNFRf7ZbMby\",\"share_source\": \"ty189\",\"check_state\": 1,\"check_time\": 1664202108340},\"ty189#zueAFznueIVr\": {\"share_id\": \"zueAFznueIVr\",\"share_source\": \"ty189\",\"check_state\": 1,\"check_time\": 1664202108361},\"pan123#uQCRVv-6brlA\": {\"share_id\": \"uQCRVv-6brlA\",\"share_source\": \"pan123\",\"check_state\": 1,\"check_time\": 1664202108612},\"pan123#uQCRVv-FcrlA\": {\"share_id\": \"uQCRVv-FcrlA\",\"share_source\": \"pan123\",\"check_state\": 1,\"check_time\": 1664202108628},\"pan123#uQCRVv-YcrlA\": {\"share_id\": \"uQCRVv-YcrlA\",\"share_source\": \"pan123\",\"check_state\": 1,\"check_time\": 1664202108629},\"pan123#uQCRVv-T6rlA\": {\"share_id\": \"uQCRVv-T6rlA\",\"share_source\": \"pan123\",\"check_state\": 1,\"check_time\": 1664202108658},\"ty189#6VbAvuvEVZja\": {\"share_id\": \"6VbAvuvEVZja\",\"share_source\": \"ty189\",\"check_state\": 2,\"check_time\": 1664202108827},\"baidu#1NjcAwSRgXDCgqaAgYZpfrQ\": {\"share_id\": \"1NjcAwSRgXDCgqaAgYZpfrQ\",\"share_source\": \"baidu\",\"check_state\": 2,\"check_time\": 1664202109078},\"baidu#1yQfmsjpO02Yewpqn7dys8A\": {\"share_id\": \"1yQfmsjpO02Yewpqn7dys8A\",\"share_source\": \"baidu\",\"check_state\": 2,\"check_time\": 1664202109628},\"baidu#1NyD4Bqp5Oz-gZ2r48FfPiw\": {\"share_id\": \"1NyD4Bqp5Oz-gZ2r48FfPiw\",\"share_source\": \"baidu\",\"check_state\": 2,\"check_time\": 1664202109721},\"baidu#1fH3DSSzp_8eRF4F7PcnuJA\": {\"share_id\": \"1fH3DSSzp_8eRF4F7PcnuJA\",\"share_source\": \"baidu\",\"check_state\": 2,\"check_time\": 1664202110002},\"baidu#1sI-i-rpAV7orngwYwzMlfQ\": {\"share_id\": \"1sI-i-rpAV7orngwYwzMlfQ\",\"share_source\": \"baidu\",\"check_state\": 2,\"check_time\": 1664202110720},\"baidu#1yWX_o4uhPRp9KT874bpW1w\": {\"share_id\": \"1yWX_o4uhPRp9KT874bpW1w\",\"share_source\": \"baidu\",\"check_state\": 2,\"check_time\": 1664202110733},\"baidu#1CoCSNp3MDvils4ic4Bke1Q\": {\"share_id\": \"1CoCSNp3MDvils4ic4Bke1Q\",\"share_source\": \"baidu\",\"check_state\": 2,\"check_time\": 1664202110739},\"baidu#1sXI8m536mok9ELXGSaTCkg\": {\"share_id\": \"1sXI8m536mok9ELXGSaTCkg\",\"share_source\": \"baidu\",\"check_state\": 2,\"check_time\": 1664202110844},\"baidu#1OK6NAtsigq4SUI2DAKDGgw\": {\"share_id\": \"1OK6NAtsigq4SUI2DAKDGgw\",\"share_source\": \"baidu\",\"check_state\": 2,\"pwd\": \"q8we\",\"check_time\": 1673777417323},\"lanzou#i6MmI0cha71i\": {\"share_id\": \"i6MmI0cha71i\",\"share_source\": \"lanzou\",\"check_state\": 1,\"check_time\": 1664961842521},\"lanzou#b05uqhaji\": {\"share_id\": \"b05uqhaji\",\"share_source\": \"lanzou\",\"check_state\": 2,\"check_time\": 1664357966178},\"ty189#BvQfyuYvAvMj\": {\"share_id\": \"BvQfyuYvAvMj\",\"share_source\": \"ty189\",\"check_state\": -1,\"check_time\": 1664548192779},\"ty189#Rb6JnaeQj6Jn\": {\"share_id\": \"Rb6JnaeQj6Jn\",\"share_source\": \"ty189\",\"check_state\": -1,\"check_time\": 1664548192796},\"ty189#yQVr637v6Nv2\": {\"share_id\": \"yQVr637v6Nv2\",\"share_source\": \"ty189\",\"check_state\": -1,\"check_time\": 1664548192797},\"ty189#qIvEveuYvIz2\": {\"share_id\": \"qIvEveuYvIz2\",\"share_source\": \"ty189\",\"check_state\": -1,\"check_time\": 1664548192798},\"ty189#faim2eNfqiqm\": {\"share_id\": \"faim2eNfqiqm\",\"share_source\": \"ty189\",\"check_state\": -1,\"check_time\": 1664548192799},\"ty189#ZZfUJbE3yyIz\": {\"share_id\": \"ZZfUJbE3yyIz\",\"share_source\": \"ty189\",\"check_state\": -1,\"check_time\": 1664548192800},\"ty189#M7vaUjuM36zi\": {\"share_id\": \"M7vaUjuM36zi\",\"share_source\": \"ty189\",\"check_state\": -1,\"check_time\": 1664548192801},\"ty189#rqUfqmE3EZFz\": {\"share_id\": \"rqUfqmE3EZFz\",\"share_source\": \"ty189\",\"check_state\": -1,\"check_time\": 1664548192801},\"ty189#FJnAVnbQriIr\": {\"share_id\": \"FJnAVnbQriIr\",\"share_source\": \"ty189\",\"check_state\": -1,\"check_time\": 1664548192802},\"ty189#Z7N3emjqI7vi\": {\"share_id\": \"Z7N3emjqI7vi\",\"share_source\": \"ty189\",\"check_state\": -1,\"check_time\": 1664548192803},\"ty189#VVZRziq6NV3q\": {\"share_id\": \"VVZRziq6NV3q\",\"share_source\": \"ty189\",\"check_state\": 2,\"pwd\": \"5wsd\",\"check_time\": 1674871545751},\"ty189#eAB322qMraUv\": {\"share_id\": \"eAB322qMraUv\",\"share_source\": \"ty189\",\"check_state\": 2,\"pwd\": \"sr1w\",\"check_time\": 1674871545691},\"ty189#IZBnaaa2QVZr\": {\"share_id\": \"IZBnaaa2QVZr\",\"share_source\": \"ty189\",\"check_state\": 2,\"pwd\": \"s16i\",\"check_time\": 1674871545723},\"ty189#jy6zErRriq2m\": {\"share_id\": \"jy6zErRriq2m\",\"share_source\": \"ty189\",\"check_state\": 2,\"pwd\": \"qqb5\",\"check_time\": 1674871545679},\"ty189#qi6FRvUbQJVv\": {\"share_id\": \"qi6FRvUbQJVv\",\"share_source\": \"ty189\",\"check_state\": 1,\"pwd\": \"\",\"check_time\": 1674871545714},\"ty189#ZZzqA3Yvyyiq\": {\"share_id\": \"ZZzqA3Yvyyiq\",\"share_source\": \"ty189\",\"check_state\": -1,\"check_time\": 1664548192814},\"ty189#iMJvmyB3UzYr\": {\"share_id\": \"iMJvmyB3UzYr\",\"share_source\": \"ty189\",\"check_state\": 2,\"pwd\": \"srg4\",\"check_time\": 1674871545673},\"ty189#qQnUnevQZrYz\": {\"share_id\": \"qQnUnevQZrYz\",\"share_source\": \"ty189\",\"check_state\": 2,\"pwd\": \"m20a\",\"check_time\": 1674871545705},\"ty189#JJ3iIv3myMji\": {\"share_id\": \"JJ3iIv3myMji\",\"share_source\": \"ty189\",\"check_state\": 1,\"pwd\": \"\",\"check_time\": 1674871545720},\"ty189#6zYriaVF3uUf\": {\"share_id\": \"6zYriaVF3uUf\",\"share_source\": \"ty189\",\"check_state\": 1,\"pwd\": \"\",\"check_time\": 1674871545676},\"ty189#I7Jfqyi2Azae\": {\"share_id\": \"I7Jfqyi2Azae\",\"share_source\": \"ty189\",\"check_state\": 2,\"pwd\": \"miu7\",\"check_time\": 1674871545792},\"ty189#rmiQ73Vzmaey\": {\"share_id\": \"rmiQ73Vzmaey\",\"share_source\": \"ty189\",\"check_state\": 1,\"pwd\": \"\",\"check_time\": 1674871545718},\"ty189#AnUb6rRb2MRv\": {\"share_id\": \"AnUb6rRb2MRv\",\"share_source\": \"ty189\",\"check_state\": 2,\"pwd\": \"5lyu\",\"check_time\": 1674871545746},\"ty189#nmEVziJJRni2\": {\"share_id\": \"nmEVziJJRni2\",\"share_source\": \"ty189\",\"check_state\": 2,\"pwd\": \"1ntm\",\"check_time\": 1674871545755},\"ty189#JJ32aiaeIF3a\": {\"share_id\": \"JJ32aiaeIF3a\",\"share_source\": \"ty189\",\"check_state\": 2,\"pwd\": \"4gdy\",\"check_time\": 1674871545739},\"ty189#ZbMzE3MbInay\": {\"share_id\": \"ZbMzE3MbInay\",\"share_source\": \"ty189\",\"check_state\": 2,\"pwd\": \"wze1\",\"check_time\": 1674871545709},\"ty189#2IBb22vyENVz\": {\"share_id\": \"2IBb22vyENVz\",\"share_source\": \"ty189\",\"check_state\": 2,\"pwd\": \"le86\",\"check_time\": 1674871545696},\"ty189#nYjqmqnmyuEv\": {\"share_id\": \"nYjqmqnmyuEv\",\"share_source\": \"ty189\",\"check_state\": 2,\"pwd\": \"h8s4\",\"check_time\": 1674871545735},\"pan123#uQCRVv-HcrlA\": {\"share_id\": \"uQCRVv-HcrlA\",\"share_source\": \"pan123\",\"check_state\": 1,\"pwd\": \"\",\"check_time\": 1674871545855},\"pan123#uQCRVv-D6rlA\": {\"share_id\": \"uQCRVv-D6rlA\",\"share_source\": \"pan123\",\"check_state\": 1,\"pwd\": \"\",\"check_time\": 1674871545930},\"pan123#uQCRVv-AerlA\": {\"share_id\": \"uQCRVv-AerlA\",\"share_source\": \"pan123\",\"check_state\": 1,\"pwd\": \"\",\"check_time\": 1674871545894},\"pan123#uQCRVv-JqrlA\": {\"share_id\": \"uQCRVv-JqrlA\",\"share_source\": \"pan123\",\"check_state\": 1,\"pwd\": \"\",\"check_time\": 1674871545888},\"pan123#uQCRVv-JZrlA\": {\"share_id\": \"uQCRVv-JZrlA\",\"share_source\": \"pan123\",\"check_state\": 1,\"pwd\": \"\",\"check_time\": 1674871545764},\"pan123#uQCRVv-R6rlA\": {\"share_id\": \"uQCRVv-R6rlA\",\"share_source\": \"pan123\",\"check_state\": 1,\"pwd\": \"\",\"check_time\": 1674871545927},\"pan123#uQCRVv-yZrlA\": {\"share_id\": \"uQCRVv-yZrlA\",\"share_source\": \"pan123\",\"check_state\": 1,\"pwd\": \"\",\"check_time\": 1674871545777},\"pan123#uQCRVv-BZrlA\": {\"share_id\": \"uQCRVv-BZrlA\",\"share_source\": \"pan123\",\"check_state\": 1,\"pwd\": \"\",\"check_time\": 1674871545944},\"pan123#uQCRVv-9erlA\": {\"share_id\": \"uQCRVv-9erlA\",\"share_source\": \"pan123\",\"check_state\": 1,\"pwd\": \"\",\"check_time\": 1674871545780},\"pan123#uQCRVv-w7rlA\": {\"share_id\": \"uQCRVv-w7rlA\",\"share_source\": \"pan123\",\"check_state\": 1,\"pwd\": \"\",\"check_time\": 1674871545947},\"pan123#uQCRVv-Q6rlA\": {\"share_id\": \"uQCRVv-Q6rlA\",\"share_source\": \"pan123\",\"check_state\": 1,\"pwd\": \"\",\"check_time\": 1674871545875},\"pan123#uQCRVv-c7rlA\": {\"share_id\": \"uQCRVv-c7rlA\",\"share_source\": \"pan123\",\"check_state\": 1,\"pwd\": \"\",\"check_time\": 1674871545897},\"pan123#uQCRVv-KurlA\": {\"share_id\": \"uQCRVv-KurlA\",\"share_source\": \"pan123\",\"check_state\": 1,\"pwd\": \"\",\"check_time\": 1674871545903},\"pan123#uQCRVv-zSrlA\": {\"share_id\": \"uQCRVv-zSrlA\",\"share_source\": \"pan123\",\"check_state\": 1,\"pwd\": \"\",\"check_time\": 1674871545878},\"pan123#uQCRVv-SqrlA\": {\"share_id\": \"uQCRVv-SqrlA\",\"share_source\": \"pan123\",\"check_state\": 1,\"pwd\": \"\",\"check_time\": 1674871545842},\"pan123#uQCRVv-xVrlA\": {\"share_id\": \"uQCRVv-xVrlA\",\"share_source\": \"pan123\",\"check_state\": 1,\"pwd\": \"\",\"check_time\": 1674871545838},\"pan123#uQCRVv-r6rlA\": {\"share_id\": \"uQCRVv-r6rlA\",\"share_source\": \"pan123\",\"check_state\": 1,\"pwd\": \"\",\"check_time\": 1674871545760},\"pan123#uQCRVv-eqrlA\": {\"share_id\": \"uQCRVv-eqrlA\",\"share_source\": \"pan123\",\"check_state\": 1,\"pwd\": \"\",\"check_time\": 1674871545783},\"pan123#uQCRVv-AcrlA\": {\"share_id\": \"uQCRVv-AcrlA\",\"share_source\": \"pan123\",\"check_state\": 1,\"pwd\": \"\",\"check_time\": 1674871545862},\"pan123#uQCRVv-iSrlA\": {\"share_id\": \"uQCRVv-iSrlA\",\"share_source\": \"pan123\",\"check_state\": 1,\"pwd\": \"\",\"check_time\": 1674871545787},\"pan123#uQCRVv-57rlA\": {\"share_id\": \"uQCRVv-57rlA\",\"share_source\": \"pan123\",\"check_state\": 1,\"pwd\": \"\",\"check_time\": 1674871545891},\"pan123#uQCRVv-VlrlA\": {\"share_id\": \"uQCRVv-VlrlA\",\"share_source\": \"pan123\",\"check_state\": 1,\"pwd\": \"\",\"check_time\": 1674871545801},\"baidu#1_5EJHtIE6cz96-UF0jMzfg\": {\"share_id\": \"1_5EJHtIE6cz96-UF0jMzfg\",\"share_source\": \"baidu\",\"check_state\": -1,\"check_time\": 1664548195544},\"baidu#1mHtXHyerODVuDG0sk2aZuA\": {\"share_id\": \"1mHtXHyerODVuDG0sk2aZuA\",\"share_source\": \"baidu\",\"check_state\": -1,\"check_time\": 1664548196223},\"baidu#111eKiruaurixlzf3Xfc5iw\": {\"share_id\": \"111eKiruaurixlzf3Xfc5iw\",\"share_source\": \"baidu\",\"check_state\": -1,\"check_time\": 1664548196903},\"baidu#1DJYN_2FiRbDu7rO_HkXsvQ\": {\"share_id\": \"1DJYN_2FiRbDu7rO_HkXsvQ\",\"share_source\": \"baidu\",\"check_state\": -1,\"check_time\": 1664548197415},\"baidu#1iy7b3-5KIokscSVkMmQ1_g\": {\"share_id\": \"1iy7b3-5KIokscSVkMmQ1_g\",\"share_source\": \"baidu\",\"check_state\": -1,\"check_time\": 1664548197431},\"baidu#1zN-fCV1CIJi1prM-3qqI_A\": {\"share_id\": \"1zN-fCV1CIJi1prM-3qqI_A\",\"share_source\": \"baidu\",\"check_state\": 2,\"pwd\": \"65e2\",\"check_time\": 1674214729938},\"baidu#1-P_bJy7LeD7kW5pjisUPuA\": {\"share_id\": \"1-P_bJy7LeD7kW5pjisUPuA\",\"share_source\": \"baidu\",\"check_state\": 2,\"pwd\": \"h6g5\",\"check_time\": 1674214727949},\"baidu#17AFmIhX7ZWkFOfO-rpD2bA\": {\"share_id\": \"17AFmIhX7ZWkFOfO-rpD2bA\",\"share_source\": \"baidu\",\"check_state\": 2,\"pwd\": \"jsaq\",\"check_time\": 1674214726959},\"baidu#11WZURAgG9Lefz6lVXWOBBA\": {\"share_id\": \"11WZURAgG9Lefz6lVXWOBBA\",\"share_source\": \"baidu\",\"check_state\": 2,\"pwd\": \"ppme\",\"check_time\": 1674214727948},\"baidu#1YSn8lFU3HmS8ZCNE8PpbSg\": {\"share_id\": \"1YSn8lFU3HmS8ZCNE8PpbSg\",\"share_source\": \"baidu\",\"check_state\": 2,\"pwd\": \"ewsn\",\"check_time\": 1674214727924},\"baidu#1fCEbBKCRxfAhFSLzYot7ow\": {\"share_id\": \"1fCEbBKCRxfAhFSLzYot7ow\",\"share_source\": \"baidu\",\"check_state\": 2,\"pwd\": \"dhcs\",\"check_time\": 1674214726961},\"baidu#1VNcGEjwa46A7PMmG0PFeQw\": {\"share_id\": \"1VNcGEjwa46A7PMmG0PFeQw\",\"share_source\": \"baidu\",\"check_state\": 2,\"pwd\": \"p4g3\",\"check_time\": 1674214727940},\"baidu#1SZ8AZeVhcL88qedALiOhsw\": {\"share_id\": \"1SZ8AZeVhcL88qedALiOhsw\",\"share_source\": \"baidu\",\"check_state\": 2,\"pwd\": \"dim9\",\"check_time\": 1674214727954},\"baidu#10u86t1T8rDL7o0Br6EAoPA\": {\"share_id\": \"10u86t1T8rDL7o0Br6EAoPA\",\"share_source\": \"baidu\",\"check_state\": 2,\"pwd\": \"5ced\",\"check_time\": 1674214727944},\"baidu#1enR025XAvIaQbK3-m8UgPw\": {\"share_id\": \"1enR025XAvIaQbK3-m8UgPw\",\"share_source\": \"baidu\",\"check_state\": 2,\"pwd\": \"q25k\",\"check_time\": 1674214728951},\"baidu#1uqhqq5dihv7U-yH3ZaOnoQ\": {\"share_id\": \"1uqhqq5dihv7U-yH3ZaOnoQ\",\"share_source\": \"baidu\",\"check_state\": 2,\"pwd\": \"vxdq\",\"check_time\": 1674214727937},\"baidu#1ld_2zKAJXTs6DI924BqFSA\": {\"share_id\": \"1ld_2zKAJXTs6DI924BqFSA\",\"share_source\": \"baidu\",\"check_state\": 2,\"pwd\": \"wf8s\",\"check_time\": 1674214728933},\"baidu#1xwbAXQKJBHMT3CLERY0dIg\": {\"share_id\": \"1xwbAXQKJBHMT3CLERY0dIg\",\"share_source\": \"baidu\",\"check_state\": 2,\"pwd\": \"k8m7\",\"check_time\": 1674214728945},\"baidu#1mWjRKbxbTr6pR9oA7xU1RQ\": {\"share_id\": \"1mWjRKbxbTr6pR9oA7xU1RQ\",\"share_source\": \"baidu\",\"check_state\": 2,\"pwd\": \"ter5\",\"check_time\": 1674214727959},\"baidu#17nQ2eb3A0TxDcYWM9v5oRg\": {\"share_id\": \"17nQ2eb3A0TxDcYWM9v5oRg\",\"share_source\": \"baidu\",\"check_state\": 2,\"pwd\": \"n6bi\",\"check_time\": 1674214728937},\"baidu#1H5fU6tORByti57oNpkgidw\": {\"share_id\": \"1H5fU6tORByti57oNpkgidw\",\"share_source\": \"baidu\",\"check_state\": 2,\"pwd\": \"jj6e\",\"check_time\": 1674214727952},\"baidu#1C_cBYi7jQpTNu1agls3mTg\": {\"share_id\": \"1C_cBYi7jQpTNu1agls3mTg\",\"share_source\": \"baidu\",\"check_state\": 2,\"pwd\": \"p6py\",\"check_time\": 1674214727956},\"baidu#1Y__mvANISiNV4v_aupBmJQ\": {\"share_id\": \"1Y__mvANISiNV4v_aupBmJQ\",\"share_source\": \"baidu\",\"check_state\": 2,\"pwd\": \"xx9v\",\"check_time\": 1674214728929},\"baidu#1KJreNbqB3A6OoxB9VGVC4g\": {\"share_id\": \"1KJreNbqB3A6OoxB9VGVC4g\",\"share_source\": \"baidu\",\"check_state\": 2,\"pwd\": \"xgqq\",\"check_time\": 1674214728940},\"baidu#1_ygxuHVW_GvSg8Lzq7swZg\": {\"share_id\": \"1_ygxuHVW_GvSg8Lzq7swZg\",\"share_source\": \"baidu\",\"check_state\": 2,\"pwd\": \"f5pf\",\"check_time\": 1674214727961},\"baidu#19VAnqm3BiXMOc0gHK_8B4w\": {\"share_id\": \"19VAnqm3BiXMOc0gHK_8B4w\",\"share_source\": \"baidu\",\"check_state\": 2,\"pwd\": \"ivut\",\"check_time\": 1674214729935},\"baidu#1xDsSBY1LbLSJDUptmCqYIg\": {\"share_id\": \"1xDsSBY1LbLSJDUptmCqYIg\",\"share_source\": \"baidu\",\"check_state\": 2,\"pwd\": \"t7rj\",\"check_time\": 1674214728948},\"baidu#132L7uGQGQhrIdkN311rucg\": {\"share_id\": \"132L7uGQGQhrIdkN311rucg\",\"share_source\": \"baidu\",\"check_state\": 2,\"pwd\": \"et7n\",\"check_time\": 1674214728963},\"baidu#1_pN26FlrDDBnGHhBV4Fr2g\": {\"share_id\": \"1_pN26FlrDDBnGHhBV4Fr2g\",\"share_source\": \"baidu\",\"check_state\": 2,\"pwd\": \"nbqf\",\"check_time\": 1674214728954},\"baidu#1Q1J4Lr-4__XOeteV8_eotQ\": {\"share_id\": \"1Q1J4Lr-4__XOeteV8_eotQ\",\"share_source\": \"baidu\",\"check_state\": 2,\"pwd\": \"cidv\",\"check_time\": 1674214728959},\"pan123#uQCRVv-a38lA\": {\"share_id\": \"uQCRVv-a38lA\",\"share_source\": \"pan123\",\"check_state\": 1,\"pwd\": \"\",\"check_time\": 1674386605051},\"baidu#1gkCdIbIcwZ_b5mcfm3l0Fw\": {\"share_id\": \"1gkCdIbIcwZ_b5mcfm3l0Fw\",\"share_source\": \"baidu\",\"check_state\": 2,\"pwd\": \"8jtj\",\"check_time\": 1674386607303},\"baidu#1BmVueQkfSf1hckGdekweFw\": {\"share_id\": \"1BmVueQkfSf1hckGdekweFw\",\"share_source\": \"baidu\",\"check_state\": 2,\"check_time\": 1664548447051},\"ty189#BBJ3Mva6RVfa\": {\"share_id\": \"BBJ3Mva6RVfa\",\"share_source\": \"ty189\",\"check_state\": 2,\"pwd\": \"9tel\",\"check_time\": 1674886850364},\"ty189#AnuMVvqIZRfa\": {\"share_id\": \"AnuMVvqIZRfa\",\"share_source\": \"ty189\",\"check_state\": 2,\"check_time\": 1664627820268},\"ty189#ieIJnmjAnuYf\": {\"share_id\": \"ieIJnmjAnuYf\",\"share_source\": \"ty189\",\"check_state\": 2,\"check_time\": 1664627820295},\"ty189#uaU7nyqeyuEf\": {\"share_id\": \"uaU7nyqeyuEf\",\"share_source\": \"ty189\",\"check_state\": 2,\"pwd\": \"md03\",\"check_time\": 1675169481853},\"ty189#BfuqMbbiYbIj\": {\"share_id\": \"BfuqMbbiYbIj\",\"share_source\": \"ty189\",\"check_state\": 2,\"check_time\": 1667114283191},\"ty189#U7reemJ7j6Nf\": {\"share_id\": \"U7reemJ7j6Nf\",\"share_source\": \"ty189\",\"check_state\": 2,\"check_time\": 1667114283231},\"ty189#NnEfemFvMze2\": {\"share_id\": \"NnEfemFvMze2\",\"share_source\": \"ty189\",\"check_state\": 2,\"check_time\": 1664961520440},\"lanzou#iIqd80cfhfch\": {\"share_id\": \"iIqd80cfhfch\",\"share_source\": \"lanzou\",\"check_state\": 1,\"check_time\": 1664961842509},\"baidu2#init\": {\"share_id\": \"init\",\"share_source\": \"baidu2\",\"check_state\": -1,\"check_time\": 1664963643128},\"baidu2#fIaDZZnqksBFEvCEZJN1jw\": {\"share_id\": \"fIaDZZnqksBFEvCEZJN1jw\",\"share_source\": \"baidu2\",\"check_state\": 2,\"check_time\": 1664963643130},\"quark#5a816eef09b7\": {\"share_id\": \"5a816eef09b7\",\"share_source\": \"quark\",\"check_state\": 1,\"check_time\": 1665668691053},\"baidu2#kVgPgUj\": {\"share_id\": \"kVgPgUj\",\"share_source\": \"baidu2\",\"check_state\": 2,\"check_time\": 1665669011824},\"lanzou#xxxxx\": {\"share_id\": \"xxxxx\",\"share_source\": \"lanzou\",\"check_state\": -1,\"check_time\": 1665669057657},\"lanzou#b073l8d1e\": {\"share_id\": \"b073l8d1e\",\"share_source\": \"lanzou\",\"check_state\": 1,\"pwd\": \"\",\"check_time\": 1678589777001},\"baidu#xxxx\": {\"share_id\": \"xxxx\",\"share_source\": \"baidu\",\"check_state\": -1,\"check_time\": 1665669071230},\"lanzou#iYeU80ds4h2f\": {\"share_id\": \"iYeU80ds4h2f\",\"share_source\": \"lanzou\",\"check_state\": 1,\"check_time\": 1665710801030},\"lanzou#iM1l00dkcjhc\": {\"share_id\": \"iM1l00dkcjhc\",\"share_source\": \"lanzou\",\"check_state\": 1,\"check_time\": 1665710803035},\"lanzou#b03vcg9jg\": {\"share_id\": \"b03vcg9jg\",\"share_source\": \"lanzou\",\"check_state\": 2,\"check_time\": 1665746974035},\"baidu#1zHXwfwK5mt53AcAT3gqS-Q\": {\"share_id\": \"1zHXwfwK5mt53AcAT3gqS-Q\",\"share_source\": \"baidu\",\"check_state\": 2,\"check_time\": 1667383119180},\"lanzou#i4ilRxpb43g\": {\"share_id\": \"i4ilRxpb43g\",\"share_source\": \"lanzou\",\"check_state\": 1,\"check_time\": 1665749003466},\"lanzou#iw5Tbz88cve\": {\"share_id\": \"iw5Tbz88cve\",\"share_source\": \"lanzou\",\"check_state\": 1,\"check_time\": 1665749003484},\"lanzou#iPVTVx63zzc\": {\"share_id\": \"iPVTVx63zzc\",\"share_source\": \"lanzou\",\"check_state\": 1,\"check_time\": 1665749003488},\"lanzou#inKLE04m87yb\": {\"share_id\": \"inKLE04m87yb\",\"share_source\": \"lanzou\",\"check_state\": 1,\"check_time\": 1665749003489},\"pan123#uQCRVv-OH8lA\": {\"share_id\": \"uQCRVv-OH8lA\",\"share_source\": \"pan123\",\"check_state\": 1,\"check_time\": 1667736493503},\"pan123#uQCRVv-NH8lA\": {\"share_id\": \"uQCRVv-NH8lA\",\"share_source\": \"pan123\",\"check_state\": 1,\"check_time\": 1667736493516},\"pan123#uQCRVv-CH8lA\": {\"share_id\": \"uQCRVv-CH8lA\",\"share_source\": \"pan123\",\"check_state\": 1,\"check_time\": 1667736493508},\"pan123#uQCRVv-8h8lA\": {\"share_id\": \"uQCRVv-8h8lA\",\"share_source\": \"pan123\",\"check_state\": 1,\"pwd\": \"\",\"check_time\": 1674871545960},\"quark#d5549557f94a\": {\"share_id\": \"d5549557f94a\",\"share_source\": \"quark\",\"check_state\": -1,\"check_time\": 1666357393731},\"baidu#1PEg0tS7T5AYd4tAiwJstHw\": {\"share_id\": \"1PEg0tS7T5AYd4tAiwJstHw\",\"share_source\": \"baidu\",\"check_state\": 2,\"check_time\": 1667736501146},\"baidu#1gvS9iCglzo3uExynrRCXsA\": {\"share_id\": \"1gvS9iCglzo3uExynrRCXsA\",\"share_source\": \"baidu\",\"check_state\": 2,\"check_time\": 1667736498103},\"baidu#18J3N1ixKNGcXxbQW4zd7Tw\": {\"share_id\": \"18J3N1ixKNGcXxbQW4zd7Tw\",\"share_source\": \"baidu\",\"check_state\": 2,\"pwd\": \"uyzk\",\"check_time\": 1674214726927},\"baidu#1U85nyNpBiO724aDHoooUxw\": {\"share_id\": \"1U85nyNpBiO724aDHoooUxw\",\"share_source\": \"baidu\",\"check_state\": 2,\"check_time\": 1667736500063},\"baidu#1DapeGvxIEHotw_eHGwcewA\": {\"share_id\": \"1DapeGvxIEHotw_eHGwcewA\",\"share_source\": \"baidu\",\"check_state\": 2,\"check_time\": 1667736501155},\"lanzou#b03jb6g5g\": {\"share_id\": \"b03jb6g5g\",\"share_source\": \"lanzou\",\"check_state\": 2,\"check_time\": 1666357742017},\"lanzou#ibI7v0drhy8f\": {\"share_id\": \"ibI7v0drhy8f\",\"share_source\": \"lanzou\",\"check_state\": 1,\"check_time\": 1666357747030},\"lanzou#iAvqf0drhyjg\": {\"share_id\": \"iAvqf0drhyjg\",\"share_source\": \"lanzou\",\"check_state\": 1,\"check_time\": 1666357747035},\"ty189#yeaqYnF3AFRr\": {\"share_id\": \"yeaqYnF3AFRr\",\"share_source\": \"ty189\",\"check_state\": 2,\"check_time\": 1666358340033},\"pan123#uQCRVv-9irlA\": {\"share_id\": \"uQCRVv-9irlA\",\"share_source\": \"pan123\",\"check_state\": 1,\"check_time\": 1666358340036},\"baidu#1TUaFZt9eZ4_VweaQ6BphDg\": {\"share_id\": \"1TUaFZt9eZ4_VweaQ6BphDg\",\"share_source\": \"baidu\",\"check_state\": 2,\"check_time\": 1666358342019},\"ty189#IFfyqijemaeu\": {\"share_id\": \"IFfyqijemaeu\",\"share_source\": \"ty189\",\"check_state\": 1,\"check_time\": 1666358349026},\"baidu#1ObR4RDzdFxYF3uZ9i6i4oA\": {\"share_id\": \"1ObR4RDzdFxYF3uZ9i6i4oA\",\"share_source\": \"baidu\",\"check_state\": 2,\"check_time\": 1666358350025},\"baidu#103cgeSFOmPZFvVZOQYdDPw\": {\"share_id\": \"103cgeSFOmPZFvVZOQYdDPw\",\"share_source\": \"baidu\",\"check_state\": 1,\"check_time\": 1666358405180},\"baidu#1C5Q-RbU3Ru-1muE8FZCqLg\": {\"share_id\": \"1C5Q-RbU3Ru-1muE8FZCqLg\",\"share_source\": \"baidu\",\"check_state\": 2,\"check_time\": 1666434184648},\"aliyun#xqwpcsovaLx\": {\"share_id\": \"xqwpcsovaLx\",\"share_source\": \"aliyun\",\"check_state\": 1,\"check_time\": 1666440484697},\"aliyun#cguMe77gL8a\": {\"share_id\": \"cguMe77gL8a\",\"share_source\": \"aliyun\",\"check_state\": 1,\"check_time\": 1666440484726},\"pan123#UKh9-SFi9A\": {\"share_id\": \"UKh9-SFi9A\",\"share_source\": \"pan123\",\"check_state\": 2,\"check_time\": 1666441002424},\"pan123#uQCRVv-JcrlA\": {\"share_id\": \"uQCRVv-JcrlA\",\"share_source\": \"pan123\",\"check_state\": 1,\"check_time\": 1666441145172},\"ty189#7nEbYb7FJBja\": {\"share_id\": \"7nEbYb7FJBja\",\"share_source\": \"ty189\",\"check_state\": 2,\"check_time\": 1666441145554},\"baidu#19LJEktCjaLJQoygw2ojkxQ\": {\"share_id\": \"19LJEktCjaLJQoygw2ojkxQ\",\"share_source\": \"baidu\",\"check_state\": 2,\"check_time\": 1666441146443},\"quark#c3355d1432d7\": {\"share_id\": \"c3355d1432d7\",\"share_source\": \"quark\",\"check_state\": 1,\"check_time\": 1666515301022},\"ty189#vy2qEbUJZ3uy\": {\"share_id\": \"vy2qEbUJZ3uy\",\"share_source\": \"ty189\",\"check_state\": 2,\"check_time\": 1666515859364},\"ty189#e6NnqeQrYRf2\": {\"share_id\": \"e6NnqeQrYRf2\",\"share_source\": \"ty189\",\"check_state\": 2,\"pwd\": \"\",\"check_time\": 1674366227681},\"baidu#1PNpUs1T6ksbOic0CRxC4xA\": {\"share_id\": \"1PNpUs1T6ksbOic0CRxC4xA\",\"share_source\": \"baidu\",\"check_state\": -1,\"check_time\": 1666517680029},\"baidu#1-ei41oSPzfxE1-4QCtct3g\": {\"share_id\": \"1-ei41oSPzfxE1-4QCtct3g\",\"share_source\": \"baidu\",\"check_state\": -1,\"check_time\": 1666517680035},\"pan123#jpbRVv-dOQWh\": {\"share_id\": \"jpbRVv-dOQWh\",\"share_source\": \"pan123\",\"check_state\": 2,\"check_time\": 1666517683027},\"lanzou#b01bd54gb\": {\"share_id\": \"b01bd54gb\",\"share_source\": \"lanzou\",\"check_state\": 1,\"check_time\": 1666517798551},\"baidu#1uYhAAbtHhNURbc1Yq_qffg\": {\"share_id\": \"1uYhAAbtHhNURbc1Yq_qffg\",\"share_source\": \"baidu\",\"check_state\": 2,\"check_time\": 1666517799035},\"pan123#uQCRVv-fcrlA\": {\"share_id\": \"uQCRVv-fcrlA\",\"share_source\": \"pan123\",\"check_state\": 1,\"check_time\": 1666517830140},\"ty189#nYvQbeQ73e2a\": {\"share_id\": \"nYvQbeQ73e2a\",\"share_source\": \"ty189\",\"check_state\": 2,\"check_time\": 1666517830248},\"baidu#1OJiNrOxRsPbaKvGL_DqepQ\": {\"share_id\": \"1OJiNrOxRsPbaKvGL_DqepQ\",\"share_source\": \"baidu\",\"check_state\": 2,\"check_time\": 1666517830919},\"baidu#1xiyy41s76HelfVw9r0eIYA\": {\"share_id\": \"1xiyy41s76HelfVw9r0eIYA\",\"share_source\": \"baidu\",\"check_state\": 2,\"check_time\": 1666517831357},\"baidu#1J--DHgmPiK0fzaRqt0K3NQ\": {\"share_id\": \"1J--DHgmPiK0fzaRqt0K3NQ\",\"share_source\": \"baidu\",\"check_state\": 2,\"check_time\": 1666517831489},\"baidu#1nFccHLLhHqCWn7l4LoPNdA\": {\"share_id\": \"1nFccHLLhHqCWn7l4LoPNdA\",\"share_source\": \"baidu\",\"check_state\": 2,\"check_time\": 1666517831592},\"baidu#1CCAOe4LOwqNGyA_KD9XNwQ\": {\"share_id\": \"1CCAOe4LOwqNGyA_KD9XNwQ\",\"share_source\": \"baidu\",\"check_state\": 2,\"check_time\": 1666517831685},\"baidu#1SFGmipxMEcjsmIA0urkxOw\": {\"share_id\": \"1SFGmipxMEcjsmIA0urkxOw\",\"share_source\": \"baidu\",\"check_state\": -1,\"check_time\": 1666518661645},\"lanzou#i8a0ugj\": {\"share_id\": \"i8a0ugj\",\"share_source\": \"lanzou\",\"check_state\": 1,\"check_time\": 1666962191519},\"lanzou#b09zoc5cd\": {\"share_id\": \"b09zoc5cd\",\"share_source\": \"lanzou\",\"check_state\": 2,\"check_time\": 1667036300523},\"baidu#1nV3_qhLkBImmhYk8bD8YVQ\": {\"share_id\": \"1nV3_qhLkBImmhYk8bD8YVQ\",\"share_source\": \"baidu\",\"check_state\": 2,\"check_time\": 1667042665138},\"lanzou#iCJE50elew7e\": {\"share_id\": \"iCJE50elew7e\",\"share_source\": \"lanzou\",\"check_state\": 2,\"check_time\": 1667042864451},\"baidu#1XqLcynrX3xfFcIMSdoL8Pg\": {\"share_id\": \"1XqLcynrX3xfFcIMSdoL8Pg\",\"share_source\": \"baidu\",\"check_state\": 2,\"check_time\": 1667042865543},\"lanzou#b01e2zqqf\": {\"share_id\": \"b01e2zqqf\",\"share_source\": \"lanzou\",\"check_state\": 2,\"check_time\": 1667042875152},\"ty189#22MF3iIRZfE3\": {\"share_id\": \"22MF3iIRZfE3\",\"share_source\": \"ty189\",\"check_state\": -1,\"check_time\": 1667043412394},\"ty189#3eAvauRJvEfy\": {\"share_id\": \"3eAvauRJvEfy\",\"share_source\": \"ty189\",\"check_state\": 1,\"pwd\": \"\",\"check_time\": 1675170488820},\"ty189#VNNjMvyIZbAf\": {\"share_id\": \"VNNjMvyIZbAf\",\"share_source\": \"ty189\",\"check_state\": 1,\"pwd\": \"\",\"check_time\": 1675170488850},\"ty189#Bj22UfYRzE3a\": {\"share_id\": \"Bj22UfYRzE3a\",\"share_source\": \"ty189\",\"check_state\": 1,\"pwd\": \"\",\"check_time\": 1675170488823},\"pan123#uQCRVv-3urlA\": {\"share_id\": \"uQCRVv-3urlA\",\"share_source\": \"pan123\",\"check_state\": 2,\"pwd\": \"vvvv\",\"check_time\": 1675170489274},\"ty189#MBF7var6ZBzi\": {\"share_id\": \"MBF7var6ZBzi\",\"share_source\": \"ty189\",\"check_state\": 1,\"pwd\": \"\",\"check_time\": 1675170488847},\"baidu#1dlX5KVEmAhlmavcKwYxQpw\": {\"share_id\": \"1dlX5KVEmAhlmavcKwYxQpw\",\"share_source\": \"baidu\",\"check_state\": 2,\"pwd\": \"724f\",\"check_time\": 1675170490164},\"baidu#1MNiB-PN-grs4r4Pd6TU3og\": {\"share_id\": \"1MNiB-PN-grs4r4Pd6TU3og\",\"share_source\": \"baidu\",\"check_state\": 2,\"pwd\": \"h2av\",\"check_time\": 1675170490241},\"baidu#1wpjJ7mMPsYgJsOMTgZE-9A\": {\"share_id\": \"1wpjJ7mMPsYgJsOMTgZE-9A\",\"share_source\": \"baidu\",\"check_state\": 2,\"pwd\": \"bady\",\"check_time\": 1675170489979},\"baidu#114kmVWh23JMoLN03hxHLwg\": {\"share_id\": \"114kmVWh23JMoLN03hxHLwg\",\"share_source\": \"baidu\",\"check_state\": 2,\"pwd\": \"suwm\",\"check_time\": 1675170490135},\"baidu#1-w8GiaFpwBumZKnUTd0v8Q\": {\"share_id\": \"1-w8GiaFpwBumZKnUTd0v8Q\",\"share_source\": \"baidu\",\"check_state\": 2,\"pwd\": \"ipxz\",\"check_time\": 1675170489514},\"baidu#1TxGwiVO9GhHH0NbJ1gsnsQ\": {\"share_id\": \"1TxGwiVO9GhHH0NbJ1gsnsQ\",\"share_source\": \"baidu\",\"check_state\": 2,\"check_time\": 1667094520325},\"baidu#1et6hqiXW5uCg3ZYJoB3EoA\": {\"share_id\": \"1et6hqiXW5uCg3ZYJoB3EoA\",\"share_source\": \"baidu\",\"check_state\": -1,\"check_time\": 1667097188838},\"baidu#1VxFx40EGciYQwiaLZ8zpOw\": {\"share_id\": \"1VxFx40EGciYQwiaLZ8zpOw\",\"share_source\": \"baidu\",\"check_state\": 2,\"check_time\": 1667097506841},\"baidu#1deCbrhBe_iUqEa6Zt-TX4A\": {\"share_id\": \"1deCbrhBe_iUqEa6Zt-TX4A\",\"share_source\": \"baidu\",\"check_state\": 2,\"check_time\": 1667098510993},\"pan123#g1ZDVv-11Z0h\": {\"share_id\": \"g1ZDVv-11Z0h\",\"share_source\": \"pan123\",\"check_state\": -1,\"check_time\": 1667100539277},\"baidu#1vFsNNie9BaVv-MdQnnkdYQ\": {\"share_id\": \"1vFsNNie9BaVv-MdQnnkdYQ\",\"share_source\": \"baidu\",\"check_state\": 2,\"check_time\": 1667100667974},\"ty189#6JRJ3uNzi6zi\": {\"share_id\": \"6JRJ3uNzi6zi\",\"share_source\": \"ty189\",\"check_state\": 2,\"check_time\": 1667100674132},\"baidu#1-T8xUo1F28qpvg5VQ9FXIw\": {\"share_id\": \"1-T8xUo1F28qpvg5VQ9FXIw\",\"share_source\": \"baidu\",\"check_state\": -1,\"check_time\": 1667100750531},\"baidu#16YCInBz-B8yQYPJvwxrMPw\": {\"share_id\": \"16YCInBz-B8yQYPJvwxrMPw\",\"share_source\": \"baidu\",\"check_state\": 2,\"check_time\": 1667101873861},\"ty189#iM7za2Ufeu6z\": {\"share_id\": \"iM7za2Ufeu6z\",\"share_source\": \"ty189\",\"check_state\": 1,\"check_time\": 1667114278383},\"ty189#JRJV73NRVjyi\": {\"share_id\": \"JRJV73NRVjyi\",\"share_source\": \"ty189\",\"check_state\": 2,\"pwd\": \"3luv\",\"check_time\": 1675253618576},\"ty189#Bb2AnuBNZBJz\": {\"share_id\": \"Bb2AnuBNZBJz\",\"share_source\": \"ty189\",\"check_state\": 2,\"pwd\": \"y7x1\",\"check_time\": 1675253618552},\"aliyun#iAE4Gih\": {\"share_id\": \"iAE4Gih\",\"share_source\": \"aliyun\",\"check_state\": -1,\"check_time\": 1667216448276},\"lanzou#b03veq9ti\": {\"share_id\": \"b03veq9ti\",\"share_source\": \"lanzou\",\"check_state\": 2,\"check_time\": 1667394677044},\"ty189#AFbi2u3mmYfq\": {\"share_id\": \"AFbi2u3mmYfq\",\"share_source\": \"ty189\",\"check_state\": 2,\"check_time\": 1667736351170},\"ty189#6vABRnNr2aye\": {\"share_id\": \"6vABRnNr2aye\",\"share_source\": \"ty189\",\"check_state\": 2,\"check_time\": 1667736351210},\"pan123#uQCRVv-hA8lA\": {\"share_id\": \"uQCRVv-hA8lA\",\"share_source\": \"pan123\",\"check_state\": 1,\"check_time\": 1667736493474},\"baidu#1gvS9iCglzo3uExynrRCXsAh\": {\"share_id\": \"1gvS9iCglzo3uExynrRCXsAh\",\"share_source\": \"baidu\",\"check_state\": -1,\"check_time\": 1667736512046},\"pan123#uQCRVv-CtrlA\": {\"share_id\": \"uQCRVv-CtrlA\",\"share_source\": \"pan123\",\"check_state\": 1,\"check_time\": 1667736534410},\"pan123#uQCRVv-NtrlA\": {\"share_id\": \"uQCRVv-NtrlA\",\"share_source\": \"pan123\",\"check_state\": 1,\"check_time\": 1667736534412},\"ty189#EzqMZrvEZ7ry\": {\"share_id\": \"EzqMZrvEZ7ry\",\"share_source\": \"ty189\",\"check_state\": 2,\"check_time\": 1667736534415},\"ty189#FbQfMnbyQzUz\": {\"share_id\": \"FbQfMnbyQzUz\",\"share_source\": \"ty189\",\"check_state\": 1,\"check_time\": 1667736534418},\"ty189#EZJJni7fEzYj\": {\"share_id\": \"EZJJni7fEzYj\",\"share_source\": \"ty189\",\"check_state\": 2,\"check_time\": 1667736534420},\"ty189#yMRRviEzqY3q\": {\"share_id\": \"yMRRviEzqY3q\",\"share_source\": \"ty189\",\"check_state\": 1,\"check_time\": 1667736534421},\"ty189#eMjURnfeEbqe\": {\"share_id\": \"eMjURnfeEbqe\",\"share_source\": \"ty189\",\"check_state\": 2,\"check_time\": 1667736534423},\"baidu#1HPkCsnqOHVPAFdRwwxdW1g\": {\"share_id\": \"1HPkCsnqOHVPAFdRwwxdW1g\",\"share_source\": \"baidu\",\"check_state\": 2,\"check_time\": 1667736535085},\"baidu#1s6qbJ_aYXAdhtKCjLn7LSA\": {\"share_id\": \"1s6qbJ_aYXAdhtKCjLn7LSA\",\"share_source\": \"baidu\",\"check_state\": 2,\"check_time\": 1667736535382},\"baidu#14bPcTv-LlLO5a2uG_Lh2JA\": {\"share_id\": \"14bPcTv-LlLO5a2uG_Lh2JA\",\"share_source\": \"baidu\",\"check_state\": 2,\"check_time\": 1667736535522},\"baidu#1QTLgumOHjsbyBPWny2OQbA\": {\"share_id\": \"1QTLgumOHjsbyBPWny2OQbA\",\"share_source\": \"baidu\",\"check_state\": 2,\"check_time\": 1667736536402},\"baidu#1fwVX3D86wpxWmbAGGDfwzw\": {\"share_id\": \"1fwVX3D86wpxWmbAGGDfwzw\",\"share_source\": \"baidu\",\"check_state\": 2,\"check_time\": 1667736539153},\"lanzou#b01dbu7yh\": {\"share_id\": \"b01dbu7yh\",\"share_source\": \"lanzou\",\"check_state\": 2,\"check_time\": 1667964776501},\"ty189#yAvIjmRBBNbu\": {\"share_id\": \"yAvIjmRBBNbu\",\"share_source\": \"ty189\",\"check_state\": 2,\"check_time\": 1668076571046},\"baidu#1L_LLcK04ukIKT97KJtdarw\": {\"share_id\": \"1L_LLcK04ukIKT97KJtdarw\",\"share_source\": \"baidu\",\"check_state\": 2,\"check_time\": 1668076571060},\"baidu#1zaLZFCOlZd94jAXib3trWQ\": {\"share_id\": \"1zaLZFCOlZd94jAXib3trWQ\",\"share_source\": \"baidu\",\"check_state\": -1,\"check_time\": 1668076572046},\"pan123#QdiA-6c4mh\": {\"share_id\": \"QdiA-6c4mh\",\"share_source\": \"pan123\",\"check_state\": 1,\"pwd\": \"\",\"check_time\": 1673777122447},\"ty189#JfmmEfqIR3Ar\": {\"share_id\": \"JfmmEfqIR3Ar\",\"share_source\": \"ty189\",\"check_state\": 1,\"pwd\": \"\",\"check_time\": 1673777122440},\"aliyun#SwRWMGsP8YS\": {\"share_id\": \"SwRWMGsP8YS\",\"share_source\": \"aliyun\",\"check_state\": 1,\"pwd\": \"\",\"check_time\": 1673777122461},\"baidu#1D5GdoMvw_Ix98TPhzFfmRA\": {\"share_id\": \"1D5GdoMvw_Ix98TPhzFfmRA\",\"share_source\": \"baidu\",\"check_state\": 2,\"pwd\": \"fb21\",\"check_time\": 1673777122463},\"pan123#QdiA-Lc4mh\": {\"share_id\": \"QdiA-Lc4mh\",\"share_source\": \"pan123\",\"check_state\": 1,\"check_time\": 1670834744121},\"ty189#NveiEf2aQra2\": {\"share_id\": \"NveiEf2aQra2\",\"share_source\": \"ty189\",\"check_state\": 1,\"check_time\": 1670834744181},\"aliyun#GkeUMgfDC5H\": {\"share_id\": \"GkeUMgfDC5H\",\"share_source\": \"aliyun\",\"check_state\": 1,\"check_time\": 1670834744397},\"baidu#1UaHIJ7aeiqupW88tKGgW_A\": {\"share_id\": \"1UaHIJ7aeiqupW88tKGgW_A\",\"share_source\": \"baidu\",\"check_state\": 2,\"check_time\": 1670834744951},\"baidu#14jX_miisYdHyGKr6OfXffA\": {\"share_id\": \"14jX_miisYdHyGKr6OfXffA\",\"share_source\": \"baidu\",\"check_state\": 2,\"check_time\": 1672312590012},\"ty189#yUjMZjyiiInm\": {\"share_id\": \"yUjMZjyiiInm\",\"share_source\": \"ty189\",\"check_state\": 2,\"pwd\": \"2bvg\",\"check_time\": 1673510982349},\"ty189#JbMrmiqqQn22\": {\"share_id\": \"JbMrmiqqQn22\",\"share_source\": \"ty189\",\"check_state\": 2,\"pwd\": \"5fh4\",\"check_time\": 1678587787064},\"ty189#vYruMfMNVnyi\": {\"share_id\": \"vYruMfMNVnyi\",\"share_source\": \"ty189\",\"check_state\": 2,\"pwd\": \"5rov\",\"check_time\": 1675253618571},\"pan123#uQCRVv-Cx8lA\": {\"share_id\": \"uQCRVv-Cx8lA\",\"share_source\": \"pan123\",\"check_state\": 1,\"pwd\": \"\",\"check_time\": 1674871545827},\"pan123#uQCRVv-ca8lA\": {\"share_id\": \"uQCRVv-ca8lA\",\"share_source\": \"pan123\",\"check_state\": 1,\"pwd\": \"\",\"check_time\": 1674871545941},\"pan123#uQCRVv-Oo8lA\": {\"share_id\": \"uQCRVv-Oo8lA\",\"share_source\": \"pan123\",\"check_state\": 1,\"pwd\": \"\",\"check_time\": 1674871545808},\"pan123#uQCRVv-Ro8lA\": {\"share_id\": \"uQCRVv-Ro8lA\",\"share_source\": \"pan123\",\"check_state\": 1,\"pwd\": \"\",\"check_time\": 1674871545953},\"pan123#uQCRVv-WB8lA\": {\"share_id\": \"uQCRVv-WB8lA\",\"share_source\": \"pan123\",\"check_state\": 1,\"pwd\": \"\",\"check_time\": 1674004263161},\"pan123#uQCRVv-ta8lA\": {\"share_id\": \"uQCRVv-ta8lA\",\"share_source\": \"pan123\",\"check_state\": 1,\"pwd\": \"\",\"check_time\": 1674871545919},\"pan123#uQCRVv-9o8lA\": {\"share_id\": \"uQCRVv-9o8lA\",\"share_source\": \"pan123\",\"check_state\": 1,\"pwd\": \"\",\"check_time\": 1674871545811},\"pan123#uQCRVv-vQ8lA\": {\"share_id\": \"uQCRVv-vQ8lA\",\"share_source\": \"pan123\",\"check_state\": 1,\"pwd\": \"\",\"check_time\": 1674871545913},\"pan123#uQCRVv-Do8lA\": {\"share_id\": \"uQCRVv-Do8lA\",\"share_source\": \"pan123\",\"check_state\": 1,\"pwd\": \"\",\"check_time\": 1674871545804},\"pan123#uQCRVv-ea8lA\": {\"share_id\": \"uQCRVv-ea8lA\",\"share_source\": \"pan123\",\"check_state\": 1,\"pwd\": \"\",\"check_time\": 1674871545910},\"pan123#uQCRVv-hQ8lA\": {\"share_id\": \"uQCRVv-hQ8lA\",\"share_source\": \"pan123\",\"check_state\": 1,\"pwd\": \"\",\"check_time\": 1674871545824},\"lanzou#b066di6gb\": {\"share_id\": \"b066di6gb\",\"share_source\": \"lanzou\",\"check_state\": 2,\"pwd\": \"bzyb\",\"check_time\": 1678590133954},\"ty189#NNfInijqI3u2\": {\"share_id\": \"NNfInijqI3u2\",\"share_source\": \"ty189\",\"check_state\": 2,\"pwd\": \"zy7b\",\"check_time\": 1673778482562},\"quark#1bdab5744974\": {\"share_id\": \"1bdab5744974\",\"share_source\": \"quark\",\"check_state\": 1,\"pwd\": \"\",\"check_time\": 1673657790036},\"ty189#ZNRBfmIb22ey\": {\"share_id\": \"ZNRBfmIb22ey\",\"share_source\": \"ty189\",\"check_state\": 2,\"pwd\": \"nan9\",\"check_time\": 1676247950732},\"ty189#IJV7ziBveUVv\": {\"share_id\": \"IJV7ziBveUVv\",\"share_source\": \"ty189\",\"check_state\": 2,\"pwd\": \"rq2p\",\"check_time\": 1676247950740},\"weiyun#McTNcxK2\": {\"share_id\": \"McTNcxK2\",\"share_source\": \"weiyun\",\"check_state\": 1,\"pwd\": \"\",\"check_time\": 1673776850442},\"lanzou#iOtMA0km1ixa\": {\"share_id\": \"iOtMA0km1ixa\",\"share_source\": \"lanzou\",\"check_state\": 1,\"pwd\": \"\",\"check_time\": 1673776859450},\"lanzou#iAsZS0kewrfe\": {\"share_id\": \"iAsZS0kewrfe\",\"share_source\": \"lanzou\",\"check_state\": 2,\"pwd\": \"9ez2\",\"check_time\": 1673776859460},\"lanzou#iGliZ0kewrhg\": {\"share_id\": \"iGliZ0kewrhg\",\"share_source\": \"lanzou\",\"check_state\": 2,\"pwd\": \"ejur\",\"check_time\": 1673776859463},\"baidu#1jYhvQNSqF-ghJbeeA0MSuw\": {\"share_id\": \"1jYhvQNSqF-ghJbeeA0MSuw\",\"share_source\": \"baidu\",\"check_state\": 2,\"pwd\": \"ihbi\",\"check_time\": 1673776942589},\"baidu#1lp-ar6vcfxS4mFqSZ-P7gA\": {\"share_id\": \"1lp-ar6vcfxS4mFqSZ-P7gA\",\"share_source\": \"baidu\",\"check_state\": 2,\"pwd\": \"\",\"check_time\": 1673777015719},\"baidu#12CK8x4bdba8M2uoZAh5a7w\": {\"share_id\": \"12CK8x4bdba8M2uoZAh5a7w\",\"share_source\": \"baidu\",\"check_state\": -1,\"pwd\": \"m73x\",\"check_time\": 1673777122443},\"lanzou#ii6ih099xt1c\": {\"share_id\": \"ii6ih099xt1c\",\"share_source\": \"lanzou\",\"check_state\": 2,\"pwd\": \"a5ao\",\"check_time\": 1673778408964},\"pan123#uQCRVv-wJ8lA\": {\"share_id\": \"uQCRVv-wJ8lA\",\"share_source\": \"pan123\",\"check_state\": 1,\"pwd\": \"\",\"check_time\": 1674386605014},\"baidu#107g0000JM33m4Rb2dto0_Q\": {\"share_id\": \"107g0000JM33m4Rb2dto0_Q\",\"share_source\": \"baidu\",\"check_state\": 2,\"pwd\": \"9rnc\",\"check_time\": 1674213403003},\"baidu#1kD37tILkOnpdBh6aYQRw0Q\": {\"share_id\": \"1kD37tILkOnpdBh6aYQRw0Q\",\"share_source\": \"baidu\",\"check_state\": 2,\"pwd\": \"au82\",\"check_time\": 1674569797942},\"baidu#1p90fsjf38WA2GlioDTn6Dw\": {\"share_id\": \"1p90fsjf38WA2GlioDTn6Dw\",\"share_source\": \"baidu\",\"check_state\": 2,\"pwd\": \"xfxf\",\"check_time\": 1674213403353},\"baidu#1Q6Cc8zcB7-AV7In0spB4Aw\": {\"share_id\": \"1Q6Cc8zcB7-AV7In0spB4Aw\",\"share_source\": \"baidu\",\"check_state\": 2,\"pwd\": \"qky9\",\"check_time\": 1674213403245},\"baidu#19-GMEs6CSdO-QOlBdpBkmA\": {\"share_id\": \"19-GMEs6CSdO-QOlBdpBkmA\",\"share_source\": \"baidu\",\"check_state\": 2,\"pwd\": \"w2bw\",\"check_time\": 1674569798791},\"baidu#1iMjTbvgA1Yz33zqQ2co1-A\": {\"share_id\": \"1iMjTbvgA1Yz33zqQ2co1-A\",\"share_source\": \"baidu\",\"check_state\": 2,\"pwd\": \"uikj\",\"check_time\": 1673778477451},\"baidu#1HXlFLhr6yF6wTy-J7EztRA\": {\"share_id\": \"1HXlFLhr6yF6wTy-J7EztRA\",\"share_source\": \"baidu\",\"check_state\": 2,\"pwd\": \"hrd6\",\"check_time\": 1674213403469},\"baidu#1YNVC5gEqHFH3QUmw45PUMQ\": {\"share_id\": \"1YNVC5gEqHFH3QUmw45PUMQ\",\"share_source\": \"baidu\",\"check_state\": 2,\"pwd\": \"iyf5\",\"check_time\": 1674214726952},\"baidu#1f1X97B-Ojk4yl1q_UsjweQ\": {\"share_id\": \"1f1X97B-Ojk4yl1q_UsjweQ\",\"share_source\": \"baidu\",\"check_state\": 2,\"pwd\": \"d4x7\",\"check_time\": 1674213403453},\"baidu#1bY0ljiKQ9NaOLc2k26893g\": {\"share_id\": \"1bY0ljiKQ9NaOLc2k26893g\",\"share_source\": \"baidu\",\"check_state\": 2,\"pwd\": \"nrjs\",\"check_time\": 1674214726950},\"baidu#1zLa9b2yhmuo0o8u37L5QoQ\": {\"share_id\": \"1zLa9b2yhmuo0o8u37L5QoQ\",\"share_source\": \"baidu\",\"check_state\": 2,\"pwd\": \"drxr\",\"check_time\": 1674569797934},\"lanzou#inqSw0l1g69e\": {\"share_id\": \"inqSw0l1g69e\",\"share_source\": \"lanzou\",\"check_state\": 2,\"pwd\": \"ca4o\",\"check_time\": 1673778649445},\"nainiu#7f7de285a6cd43\": {\"share_id\": \"7f7de285a6cd43\",\"share_source\": \"nainiu\",\"check_state\": 1,\"pwd\": \"\",\"check_time\": 1673779249515},\"lanzou#b01nz7y3e\": {\"share_id\": \"b01nz7y3e\",\"share_source\": \"lanzou\",\"check_state\": 2,\"pwd\": \"\",\"check_time\": 1673779305460},\"lanzou#b01oaxnbi\": {\"share_id\": \"b01oaxnbi\",\"share_source\": \"lanzou\",\"check_state\": 2,\"pwd\": \"\",\"check_time\": 1673779305465},\"ty189#NbyMnivyIfym\": {\"share_id\": \"NbyMnivyIfym\",\"share_source\": \"ty189\",\"check_state\": 2,\"pwd\": \"vol7\",\"check_time\": 1673862974546},\"lanzou#b01c3esih\": {\"share_id\": \"b01c3esih\",\"share_source\": \"lanzou\",\"check_state\": 2,\"pwd\": \"cpd6\",\"check_time\": 1675988203965},\"ty189#uyiuEjI7jUVf\": {\"share_id\": \"uyiuEjI7jUVf\",\"share_source\": \"ty189\",\"check_state\": 2,\"pwd\": \"6vrb\",\"check_time\": 1674004258516},\"pan123#uQCRVv-MI8lA\": {\"share_id\": \"uQCRVv-MI8lA\",\"share_source\": \"pan123\",\"check_state\": 1,\"pwd\": \"\",\"check_time\": 1674213398919},\"baidu#1JKLZStPuDGZouBC01Vn_fg\": {\"share_id\": \"1JKLZStPuDGZouBC01Vn_fg\",\"share_source\": \"baidu\",\"check_state\": 2,\"pwd\": \"4rqc\",\"check_time\": 1674213402842},\"ty189#uA3Q73QnUv6b\": {\"share_id\": \"uA3Q73QnUv6b\",\"share_source\": \"ty189\",\"check_state\": 2,\"pwd\": \"ped4\",\"check_time\": 1675169481850},\"ty189#EF3aieE7bEJb\": {\"share_id\": \"EF3aieE7bEJb\",\"share_source\": \"ty189\",\"check_state\": 2,\"pwd\": \"jh5h\",\"check_time\": 1676090923529},\"aliyun#29qSbEH2ngP\": {\"share_id\": \"29qSbEH2ngP\",\"share_source\": \"aliyun\",\"check_state\": 1,\"pwd\": \"\",\"check_time\": 1674117863568},\"baidu#1KgF6XBCuxZ54BgnY0B1wKQ\": {\"share_id\": \"1KgF6XBCuxZ54BgnY0B1wKQ\",\"share_source\": \"baidu\",\"check_state\": 2,\"pwd\": \"ftpd\",\"check_time\": 1674366334879},\"baidu#1XpJiO2yH5W2zdhjHYWaN_g\": {\"share_id\": \"1XpJiO2yH5W2zdhjHYWaN_g\",\"share_source\": \"baidu\",\"check_state\": 2,\"pwd\": \"7t7b\",\"check_time\": 1674366334566},\"baidu#1Sehue2W6A1cOv0DcFZgXTQ\": {\"share_id\": \"1Sehue2W6A1cOv0DcFZgXTQ\",\"share_source\": \"baidu\",\"check_state\": 2,\"pwd\": \"u9ew\",\"check_time\": 1674366335083},\"baidu#1g1gdLlAcOLrxAuNyXQfujQ\": {\"share_id\": \"1g1gdLlAcOLrxAuNyXQfujQ\",\"share_source\": \"baidu\",\"check_state\": 2,\"pwd\": \"hsuu\",\"check_time\": 1674366334553},\"baidu#1nxf-K5IH4wt5-feNbBae0g\": {\"share_id\": \"1nxf-K5IH4wt5-feNbBae0g\",\"share_source\": \"baidu\",\"check_state\": 2,\"pwd\": \"8n9u\",\"check_time\": 1674366335085},\"baidu#1RFExYGRCO55puwLeOv6N0w\": {\"share_id\": \"1RFExYGRCO55puwLeOv6N0w\",\"share_source\": \"baidu\",\"check_state\": 2,\"pwd\": \"a4bh\",\"check_time\": 1674366334613},\"lanzou#iJ1Gw0l8kzte\": {\"share_id\": \"iJ1Gw0l8kzte\",\"share_source\": \"lanzou\",\"check_state\": 1,\"pwd\": \"\",\"check_time\": 1674213831929},\"baidu#1enKHopF_Mi2Ij4rM__j0Ww\": {\"share_id\": \"1enKHopF_Mi2Ij4rM__j0Ww\",\"share_source\": \"baidu\",\"check_state\": 2,\"pwd\": \"baby\",\"check_time\": 1674213832934},\"baidu#15uNCPr6-2RHqLarYjh_0Ng\": {\"share_id\": \"15uNCPr6-2RHqLarYjh_0Ng\",\"share_source\": \"baidu\",\"check_state\": 2,\"pwd\": \"sbbd\",\"check_time\": 1674213834942},\"baidu#1i3zbLuSaZX-RqoOX9eCYCA\": {\"share_id\": \"1i3zbLuSaZX-RqoOX9eCYCA\",\"share_source\": \"baidu\",\"check_state\": 2,\"pwd\": \"ja40\",\"check_time\": 1674213893935},\"lanzou#iKgBj0k6hpfe\": {\"share_id\": \"iKgBj0k6hpfe\",\"share_source\": \"lanzou\",\"check_state\": 2,\"pwd\": \"52pj\",\"check_time\": 1674213895351},\"ty189#MRFbIrbmmeAj\": {\"share_id\": \"MRFbIrbmmeAj\",\"share_source\": \"ty189\",\"check_state\": 2,\"pwd\": \"nz61\",\"check_time\": 1674214715202},\"ty189#N7zm6fYrUZzq\": {\"share_id\": \"N7zm6fYrUZzq\",\"share_source\": \"ty189\",\"check_state\": 2,\"pwd\": \"ix6g\",\"check_time\": 1674214715205},\"baidu#1jrUGhkwk1e7kOnz_x8otmg\": {\"share_id\": \"1jrUGhkwk1e7kOnz_x8otmg\",\"share_source\": \"baidu\",\"check_state\": 2,\"pwd\": \"ijq0\",\"check_time\": 1674888181239},\"baidu#1oRBTn3DB6qTidZ87PGh_-g\": {\"share_id\": \"1oRBTn3DB6qTidZ87PGh_-g\",\"share_source\": \"baidu\",\"check_state\": 2,\"pwd\": \"94pr\",\"check_time\": 1674888181254},\"baidu#1sUDtMzYp7lSqiqpUTVtHeA\": {\"share_id\": \"1sUDtMzYp7lSqiqpUTVtHeA\",\"share_source\": \"baidu\",\"check_state\": 2,\"pwd\": \"kh25\",\"check_time\": 1674366301675},\"baidu#1mHOkUcULBpKuofiY-fQPOg\": {\"share_id\": \"1mHOkUcULBpKuofiY-fQPOg\",\"share_source\": \"baidu\",\"check_state\": 2,\"pwd\": \"rmsy\",\"check_time\": 1674366302806},\"baidu#12TwIRhDmlO5GO8TPPbD3gw\": {\"share_id\": \"12TwIRhDmlO5GO8TPPbD3gw\",\"share_source\": \"baidu\",\"check_state\": 2,\"pwd\": \"r9s9\",\"check_time\": 1674271909318},\"lanzou#b01hj0lcb\": {\"share_id\": \"b01hj0lcb\",\"share_source\": \"lanzou\",\"check_state\": 2,\"pwd\": \"\",\"check_time\": 1674272047419},\"pan123#pDSKVv-yRpWv\": {\"share_id\": \"pDSKVv-yRpWv\",\"share_source\": \"pan123\",\"check_state\": 1,\"pwd\": \"\",\"check_time\": 1674272084184},\"xunlei#VNF2FXAW-Ygci78DPS3b6bVxA1\": {\"share_id\": \"VNF2FXAW-Ygci78DPS3b6bVxA1\",\"share_source\": \"xunlei\",\"check_state\": 2,\"pwd\": \"5mgs\",\"check_time\": 1674272084837},\"baidu#1n5J8M8iqfI-kMbmHfR-x9w\": {\"share_id\": \"1n5J8M8iqfI-kMbmHfR-x9w\",\"share_source\": \"baidu\",\"check_state\": 2,\"pwd\": \"ejr7\",\"check_time\": 1674272086896},\"baidu#13dbR69NLIEyP1tQyRTl4xw\": {\"share_id\": \"13dbR69NLIEyP1tQyRTl4xw\",\"share_source\": \"baidu\",\"check_state\": 1,\"pwd\": \"\",\"check_time\": 1674272693390},\"ty189#euuM3ie2eARj\": {\"share_id\": \"euuM3ie2eARj\",\"share_source\": \"ty189\",\"check_state\": 2,\"pwd\": \"5r3l\",\"check_time\": 1674275236812},\"aliyun#HgR538KTj5h\": {\"share_id\": \"HgR538KTj5h\",\"share_source\": \"aliyun\",\"check_state\": 1,\"pwd\": \"\",\"check_time\": 1674276089779},\"aliyun#LFCM6Tux8Db\": {\"share_id\": \"LFCM6Tux8Db\",\"share_source\": \"aliyun\",\"check_state\": 1,\"pwd\": \"\",\"check_time\": 1674276095127},\"lanzou#ipXzi06wvpmh\": {\"share_id\": \"ipXzi06wvpmh\",\"share_source\": \"lanzou\",\"check_state\": 1,\"pwd\": \"\",\"check_time\": 1674289381240},\"lanzou#b0es81t8j\": {\"share_id\": \"b0es81t8j\",\"share_source\": \"lanzou\",\"check_state\": 2,\"pwd\": \"54jb\",\"check_time\": 1674289682793},\"quark#756702cc283c\": {\"share_id\": \"756702cc283c\",\"share_source\": \"quark\",\"check_state\": 2,\"pwd\": \"TCDa\",\"check_time\": 1674289740230},\"pan123#uQCRVv-tI8lA\": {\"share_id\": \"uQCRVv-tI8lA\",\"share_source\": \"pan123\",\"check_state\": 1,\"pwd\": \"\",\"check_time\": 1674300201375},\"baidu#1J_Oo82_nfCbCAglKDD479w\": {\"share_id\": \"1J_Oo82_nfCbCAglKDD479w\",\"share_source\": \"baidu\",\"check_state\": 2,\"pwd\": \"39hr\",\"check_time\": 1674300202170},\"aliyun#iGWGeSxHv56\": {\"share_id\": \"iGWGeSxHv56\",\"share_source\": \"aliyun\",\"check_state\": -1,\"pwd\": \"FULI\",\"check_time\": 1674560894389},\"baidu#1lK4qbNH8YOeHOhr_CNt1aA\": {\"share_id\": \"1lK4qbNH8YOeHOhr_CNt1aA\",\"share_source\": \"baidu\",\"check_state\": 2,\"pwd\": \"bs2f\",\"check_time\": 1674366284697},\"ty189#YjMbMnaumyYv\": {\"share_id\": \"YjMbMnaumyYv\",\"share_source\": \"ty189\",\"check_state\": 2,\"pwd\": \"nm7e\",\"check_time\": 1674366357678},\"ty189#RfMzA3yiiqae\": {\"share_id\": \"RfMzA3yiiqae\",\"share_source\": \"ty189\",\"check_state\": 2,\"pwd\": \"1d2e\",\"check_time\": 1674367387693},\"ty189#ymaAFryAR3em\": {\"share_id\": \"ymaAFryAR3em\",\"share_source\": \"ty189\",\"check_state\": 2,\"pwd\": \"7p2t\",\"check_time\": 1674367387696},\"aliyun#H1Leo1heebK\": {\"share_id\": \"H1Leo1heebK\",\"share_source\": \"aliyun\",\"check_state\": 1,\"pwd\": \"\",\"check_time\": 1674367571680},\"baidu#192flRs-a\": {\"share_id\": \"192flRs-a\",\"share_source\": \"baidu\",\"check_state\": -1,\"pwd\": \"\",\"check_time\": 1674374008369},\"baidu#1nxxCX4sLLVPTR6KYedktow\": {\"share_id\": \"1nxxCX4sLLVPTR6KYedktow\",\"share_source\": \"baidu\",\"check_state\": 2,\"pwd\": \"8tkh\",\"check_time\": 1674386607827},\"baidu#1bVmcQVvyiAolpiB64kM3cA\": {\"share_id\": \"1bVmcQVvyiAolpiB64kM3cA\",\"share_source\": \"baidu\",\"check_state\": 2,\"pwd\": \"9hdx\",\"check_time\": 1674440580656},\"lanzou#i0l0f3e\": {\"share_id\": \"i0l0f3e\",\"share_source\": \"lanzou\",\"check_state\": 1,\"pwd\": \"\",\"check_time\": 1674888396234},\"baidu#1TAKpXb4yb1OVI5OsUqEUGQ\": {\"share_id\": \"1TAKpXb4yb1OVI5OsUqEUGQ\",\"share_source\": \"baidu\",\"check_state\": -1,\"pwd\": \"\",\"check_time\": 1674441190578},\"baidu#18Ry0Qb5A_2xsUCvGNer-aQ\": {\"share_id\": \"18Ry0Qb5A_2xsUCvGNer-aQ\",\"share_source\": \"baidu\",\"check_state\": 2,\"pwd\": \"rc7v\",\"check_time\": 1674441295947},\"baidu#1NGcO0QqEj2_KPqLZB9RBOQ\": {\"share_id\": \"1NGcO0QqEj2_KPqLZB9RBOQ\",\"share_source\": \"baidu\",\"check_state\": 2,\"pwd\": \"fvrv\",\"check_time\": 1674441473829},\"baidu#1D2TXnQh1rowRJaRsUMC6XA\": {\"share_id\": \"1D2TXnQh1rowRJaRsUMC6XA\",\"share_source\": \"baidu\",\"check_state\": 2,\"pwd\": \"br38\",\"check_time\": 1674441473915},\"baidu#158craMewTboMhVq5Lh9VPQ\": {\"share_id\": \"158craMewTboMhVq5Lh9VPQ\",\"share_source\": \"baidu\",\"check_state\": 2,\"pwd\": \"mxdj3\",\"check_time\": 1674441473938},\"baidu#1eeHllYBmozYSR0Wqf45F3A\": {\"share_id\": \"1eeHllYBmozYSR0Wqf45F3A\",\"share_source\": \"baidu\",\"check_state\": 2,\"pwd\": \"s1uf\",\"check_time\": 1674441474395},\"baidu#1tsl9h8bahDl8i4LU35f8tA\": {\"share_id\": \"1tsl9h8bahDl8i4LU35f8tA\",\"share_source\": \"baidu\",\"check_state\": 2,\"pwd\": \"686u\",\"check_time\": 1674443775136},\"baidu#1eRUHKrC\": {\"share_id\": \"1eRUHKrC\",\"share_source\": \"baidu\",\"check_state\": -1,\"pwd\": \"h02i\",\"check_time\": 1674443809332},\"baidu#3kV0JV19\": {\"share_id\": \"3kV0JV19\",\"share_source\": \"baidu\",\"check_state\": 1,\"pwd\": \"\",\"check_time\": 1674443809685},\"baidu#3pLMbUqR\": {\"share_id\": \"3pLMbUqR\",\"share_source\": \"baidu\",\"check_state\": 1,\"pwd\": \"sharelin\",\"check_time\": 1674888396871},\"lanzou#iHv2G09ibuyd\": {\"share_id\": \"iHv2G09ibuyd\",\"share_source\": \"lanzou\",\"check_state\": 2,\"pwd\": \"aoo2\",\"check_time\": 1674888212225},\"lanzou#iU34B09jbspi\": {\"share_id\": \"iU34B09jbspi\",\"share_source\": \"lanzou\",\"check_state\": 2,\"pwd\": \"gexr\",\"check_time\": 1674888212229},\"baidu#1_cTUnBSYW-zrrn6VXDPC5Q\": {\"share_id\": \"1_cTUnBSYW-zrrn6VXDPC5Q\",\"share_source\": \"baidu\",\"check_state\": 2,\"pwd\": \"s3gq\",\"check_time\": 1674468273264},\"pan123#uQCRVv-oM8lA\": {\"share_id\": \"uQCRVv-oM8lA\",\"share_source\": \"pan123\",\"check_state\": 1,\"pwd\": \"\",\"check_time\": 1674871545950},\"baidu#1o8jLp9o\": {\"share_id\": \"1o8jLp9o\",\"share_source\": \"baidu\",\"check_state\": 2,\"pwd\": \"4y9d\",\"check_time\": 1674569068304},\"baidu#1kU8YqrH\": {\"share_id\": \"1kU8YqrH\",\"share_source\": \"baidu\",\"check_state\": -1,\"pwd\": \"hmdn\",\"check_time\": 1674720116891},\"baidu#1cFeFoEWGGst-3TcvEUQwhA\": {\"share_id\": \"1cFeFoEWGGst-3TcvEUQwhA\",\"share_source\": \"baidu\",\"check_state\": -1,\"pwd\": \"17oy\",\"check_time\": 1674794818286},\"aliyun#xjbrdehdZ6v\": {\"share_id\": \"xjbrdehdZ6v\",\"share_source\": \"aliyun\",\"check_state\": 1,\"pwd\": \"\",\"check_time\": 1674872748662},\"aliyun#Spuvs6B134H\": {\"share_id\": \"Spuvs6B134H\",\"share_source\": \"aliyun\",\"check_state\": 1,\"pwd\": \"\",\"check_time\": 1674872748688},\"aliyun#UAJaAc3GyKJ\": {\"share_id\": \"UAJaAc3GyKJ\",\"share_source\": \"aliyun\",\"check_state\": 1,\"pwd\": \"\",\"check_time\": 1674872748681},\"aliyun#1x33oVbTJCi\": {\"share_id\": \"1x33oVbTJCi\",\"share_source\": \"aliyun\",\"check_state\": 1,\"pwd\": \"\",\"check_time\": 1674872748691},\"aliyun#pN9YNJhgqp4\": {\"share_id\": \"pN9YNJhgqp4\",\"share_source\": \"aliyun\",\"check_state\": 1,\"pwd\": \"\",\"check_time\": 1674872748693},\"aliyun#EQzd1YVqjnQ\": {\"share_id\": \"EQzd1YVqjnQ\",\"share_source\": \"aliyun\",\"check_state\": 1,\"pwd\": \"\",\"check_time\": 1674872748699},\"aliyun#7aiFnhMKyJf\": {\"share_id\": \"7aiFnhMKyJf\",\"share_source\": \"aliyun\",\"check_state\": 1,\"pwd\": \"\",\"check_time\": 1674872748702},\"aliyun#naMWiDdyw1B\": {\"share_id\": \"naMWiDdyw1B\",\"share_source\": \"aliyun\",\"check_state\": 1,\"pwd\": \"\",\"check_time\": 1674872748828},\"lanzou#b03pnj0zg\": {\"share_id\": \"b03pnj0zg\",\"share_source\": \"lanzou\",\"check_state\": 1,\"pwd\": \"\",\"check_time\": 1674872791268},\"lanzou#b0agj80ed\": {\"share_id\": \"b0agj80ed\",\"share_source\": \"lanzou\",\"check_state\": 1,\"pwd\": \"\",\"check_time\": 1674872791271},\"baidu#15rzp0Yh_ucXg81o8o4izXg\": {\"share_id\": \"15rzp0Yh_ucXg81o8o4izXg\",\"share_source\": \"baidu\",\"check_state\": 2,\"pwd\": \"s5bs\",\"check_time\": 1674877858779},\"ty189#rE7vInjqUbaa\": {\"share_id\": \"rE7vInjqUbaa\",\"share_source\": \"ty189\",\"check_state\": 1,\"pwd\": \"\",\"check_time\": 1674886842514},\"ty189#fIVNbuimMFJf\": {\"share_id\": \"fIVNbuimMFJf\",\"share_source\": \"ty189\",\"check_state\": 1,\"pwd\": \"\",\"check_time\": 1674886842518},\"ty189#Uj2ae2rQJzAz\": {\"share_id\": \"Uj2ae2rQJzAz\",\"share_source\": \"ty189\",\"check_state\": 1,\"pwd\": \"\",\"check_time\": 1674886842521},\"aliyun#Ph9sytNJB7M\": {\"share_id\": \"Ph9sytNJB7M\",\"share_source\": \"aliyun\",\"check_state\": -1,\"pwd\": \"\",\"check_time\": 1674890682210},\"lanzou#ihqrd0knjbba\": {\"share_id\": \"ihqrd0knjbba\",\"share_source\": \"lanzou\",\"check_state\": 1,\"pwd\": \"\",\"check_time\": 1674890804750},\"ty189#zQJvQnNN3Qji\": {\"share_id\": \"zQJvQnNN3Qji\",\"share_source\": \"ty189\",\"check_state\": 2,\"pwd\": \"a3as\",\"check_time\": 1675169481868},\"pan123#uQCRVv-sw8lA\": {\"share_id\": \"uQCRVv-sw8lA\",\"share_source\": \"pan123\",\"check_state\": 1,\"pwd\": \"\",\"check_time\": 1675170489271},\"pan123#uQCRVv-Ww8lA\": {\"share_id\": \"uQCRVv-Ww8lA\",\"share_source\": \"pan123\",\"check_state\": 1,\"pwd\": \"\",\"check_time\": 1675170489308},\"pan123#uQCRVv-Cw8lA\": {\"share_id\": \"uQCRVv-Cw8lA\",\"share_source\": \"pan123\",\"check_state\": 1,\"pwd\": \"\",\"check_time\": 1675170489332},\"baidu#11Uo8QKdL0jk_nKIseCl0Zg\": {\"share_id\": \"11Uo8QKdL0jk_nKIseCl0Zg\",\"share_source\": \"baidu\",\"check_state\": 2,\"pwd\": \"fvwe\",\"check_time\": 1675170489570},\"baidu#1y8BVyXOigVil6le9okX3Lg\": {\"share_id\": \"1y8BVyXOigVil6le9okX3Lg\",\"share_source\": \"baidu\",\"check_state\": 2,\"pwd\": \"xrh4\",\"check_time\": 1675170490041},\"baidu#1Vo6iAkBJnrwoO8ml1BaxUg\": {\"share_id\": \"1Vo6iAkBJnrwoO8ml1BaxUg\",\"share_source\": \"baidu\",\"check_state\": 2,\"pwd\": \"nur4\",\"check_time\": 1675170490408},\"aliyun#Xvt4TSVcMcJ\": {\"share_id\": \"Xvt4TSVcMcJ\",\"share_source\": \"aliyun\",\"check_state\": -1,\"pwd\": \"\",\"check_time\": 1675753062843},\"aliyun#APpoRxm7sES\": {\"share_id\": \"APpoRxm7sES\",\"share_source\": \"aliyun\",\"check_state\": 1,\"pwd\": \"FULI\",\"check_time\": 1675753062846},\"ty189#EzIVvefUNFnu\": {\"share_id\": \"EzIVvefUNFnu\",\"share_source\": \"ty189\",\"check_state\": 2,\"pwd\": \"leh3\",\"check_time\": 1676090923532},\"ty189#QRzuQrJRbiey\": {\"share_id\": \"QRzuQrJRbiey\",\"share_source\": \"ty189\",\"check_state\": -1,\"pwd\": \"ipa4\",\"check_time\": 1676247897990},\"lanzou#b012khhwf\": {\"share_id\": \"b012khhwf\",\"share_source\": \"lanzou\",\"check_state\": 2,\"pwd\": \"52pj\",\"check_time\": 1675988946349},\"ty189#MNNn6f3qie2i\": {\"share_id\": \"MNNn6f3qie2i\",\"share_source\": \"ty189\",\"check_state\": 2,\"pwd\": \"w7py\",\"check_time\": 1676421922714},\"ty189#aIJ7jaAJBrEn\": {\"share_id\": \"aIJ7jaAJBrEn\",\"share_source\": \"ty189\",\"check_state\": 2,\"pwd\": \"sm8z\",\"check_time\": 1676421922709},\"ty189#beMRZ37Breiu\": {\"share_id\": \"beMRZ37Breiu\",\"share_source\": \"ty189\",\"check_state\": 2,\"pwd\": \"pu9h\",\"check_time\": 1676421922717},\"ty189#6NjUfuqIFNBr\": {\"share_id\": \"6NjUfuqIFNBr\",\"share_source\": \"ty189\",\"check_state\": -1,\"pwd\": \"ck3q\",\"check_time\": 1676247947693},\"ty189#iaa2meQ3qiEv\": {\"share_id\": \"iaa2meQ3qiEv\",\"share_source\": \"ty189\",\"check_state\": 2,\"pwd\": \"vtp4\",\"check_time\": 1676421922699},\"baidu#1gfsqoMKhWpQOzmvz6CL-6w\": {\"share_id\": \"1gfsqoMKhWpQOzmvz6CL-6w\",\"share_source\": \"baidu\",\"check_state\": 2,\"pwd\": \"\",\"check_time\": 1676281168842},\"lanzou#iCgWh0fncjkf\": {\"share_id\": \"iCgWh0fncjkf\",\"share_source\": \"lanzou\",\"check_state\": 2,\"pwd\": \"\",\"check_time\": 1676507610772},\"aliyun#mxL6MK7uJnJ\": {\"share_id\": \"mxL6MK7uJnJ\",\"share_source\": \"aliyun\",\"check_state\": 1,\"pwd\": \"\",\"check_time\": 1676507636770},\"ty189#JjMjieuQva6v\": {\"share_id\": \"JjMjieuQva6v\",\"share_source\": \"ty189\",\"check_state\": 2,\"pwd\": \"oe7m\",\"check_time\": 1678590200968},\"ty189#NJNzUbVj2yua\": {\"share_id\": \"NJNzUbVj2yua\",\"share_source\": \"ty189\",\"check_state\": 2,\"pwd\": \"vhh7\",\"check_time\": 1677145203235},\"ty189#a6biQfY732Ij\": {\"share_id\": \"a6biQfY732Ij\",\"share_source\": \"ty189\",\"check_state\": 2,\"pwd\": \"79nb\",\"check_time\": 1678590200952},\"ty189#ZfeuqueEFNJb\": {\"share_id\": \"ZfeuqueEFNJb\",\"share_source\": \"ty189\",\"check_state\": 2,\"pwd\": \"3rk7\",\"check_time\": 1678590200918},\"ty189#UbuY32bammUv\": {\"share_id\": \"UbuY32bammUv\",\"share_source\": \"ty189\",\"check_state\": 2,\"pwd\": \"j0fz\",\"check_time\": 1678590200964},\"ty189#6j6Jnuzey6B3\": {\"share_id\": \"6j6Jnuzey6B3\",\"share_source\": \"ty189\",\"check_state\": 2,\"pwd\": \"7fx0\",\"check_time\": 1678590200957},\"lanzou#i3ZXH0pbs0di\": {\"share_id\": \"i3ZXH0pbs0di\",\"share_source\": \"lanzou\",\"check_state\": 2,\"pwd\": \"1hb2\",\"check_time\": 1678589603949},\"lanzou#iws0e0p99a5e\": {\"share_id\": \"iws0e0p99a5e\",\"share_source\": \"lanzou\",\"check_state\": 2,\"pwd\": \"7jvx\",\"check_time\": 1678589603987},\"ty189#BnInEjY7faQf\": {\"share_id\": \"BnInEjY7faQf\",\"share_source\": \"ty189\",\"check_state\": 2,\"pwd\": \"rkb1\",\"check_time\": 1678587787054}}"}}