{"options":{"check_for_updates":true,"comment":null,"compat_foreach":false,"compat_metadata":false,"compat_powerful_this":null,"compat_wrappedjsobject":false,"compatopts_for_requires":true,"noframes":null,"override":{"merge_connects":true,"merge_excludes":true,"merge_includes":true,"merge_matches":true,"orig_connects":["lanzoub.com","baidu.com","weiyun.com","aliyundrive.com","cloud.189.cn","123pan.com","quark.cn","xunlei.com","cowtransfer.com","wenshushu.cn","115.com","caiyun.139.com"],"orig_excludes":[],"orig_includes":[],"orig_matches":["*://**/*"],"orig_noframes":true,"orig_run_at":"document-start","use_blockers":[],"use_connects":[],"use_excludes":[],"use_includes":[],"use_matches":[]},"run_at":null,"sandbox":null,"tab_types":null,"unwrap":null},"settings":{"enabled":true,"position":95},"meta":{"name":"网盘有效性检查","uuid":"c2c0394f-7bf0-4063-bd8b-afb79351f31d","modified":1675752638310,"file_url":"https://greasyfork.org/scripts/439266-%E7%BD%91%E7%9B%98%E6%9C%89%E6%95%88%E6%80%A7%E6%A3%80%E6%9F%A5/code/%E7%BD%91%E7%9B%98%E6%9C%89%E6%95%88%E6%80%A7%E6%A3%80%E6%9F%A5.user.js"}}