{"options":{"check_for_updates":true,"comment":null,"compat_foreach":false,"compat_metadata":false,"compat_powerful_this":null,"compat_wrappedjsobject":false,"compatopts_for_requires":true,"noframes":null,"override":{"merge_connects":true,"merge_excludes":true,"merge_includes":true,"merge_matches":true,"orig_connects":[],"orig_excludes":[],"orig_includes":[],"orig_matches":["*://*/*"],"orig_noframes":null,"orig_run_at":"document-idle","use_blockers":[],"use_connects":[],"use_excludes":[],"use_includes":[],"use_matches":[]},"run_at":null,"sandbox":null,"tab_types":null,"unwrap":null},"settings":{"enabled":true,"position":68},"meta":{"name":"网盘智能识别助手","uuid":"a59f03fc-9670-47fe-8b7d-4e03cde3c6e7","modified":1673511049352,"file_url":"https://greasyfork.org/scripts/422960-%E7%BD%91%E7%9B%98%E6%99%BA%E8%83%BD%E8%AF%86%E5%88%AB%E5%8A%A9%E6%89%8B/code/%E7%BD%91%E7%9B%98%E6%99%BA%E8%83%BD%E8%AF%86%E5%88%AB%E5%8A%A9%E6%89%8B.user.js"}}