{"options":{"check_for_updates":true,"comment":null,"compat_foreach":false,"compat_metadata":false,"compat_powerful_this":null,"compat_prototypes":false,"compat_wrappedjsobject":false,"compatopts_for_requires":true,"noframes":null,"override":{"merge_connects":true,"merge_excludes":true,"merge_includes":true,"merge_matches":true,"orig_excludes":[],"orig_includes":[],"orig_matches":["*://pan.baidu.com/*","*://yun.baidu.com/*","*://*.lanzoux.com/*","*://*.lanzous.com/*","*://*.lanzoui.com/*","*://vdisk.weibo.com/*","*://pan.ishare1.cn/file/*","*://sn9.us/file/*","*://545c.com/file/*","*://474b.com/file/*","*://n802.com/file/*","*://t00y.com/file/*","*://caiyun.139.com/*","*://cloud.189.cn/*"],"orig_noframes":null,"orig_run_at":"document-idle","use_blockers":[],"use_connects":[],"use_excludes":[],"use_includes":[],"use_matches":[]},"run_at":null,"tab_types":null,"unwrap":null},"settings":{"enabled":true,"position":27},"meta":{"name":"网盘精灵","uuid":"4c1acec7-b2bf-41e6-8e2d-c66b33863be1","modified":1628597879785,"file_url":"https://greasyfork.org/scripts/416915-%E7%BD%91%E7%9B%98%E7%B2%BE%E7%81%B5/code/%E7%BD%91%E7%9B%98%E7%B2%BE%E7%81%B5.user.js"}}