{"options":{"check_for_updates":true,"comment":null,"compat_foreach":false,"compat_metadata":false,"compat_powerful_this":null,"compat_prototypes":false,"compat_wrappedjsobject":false,"compatopts_for_requires":true,"noframes":null,"override":{"merge_connects":true,"merge_excludes":true,"merge_includes":true,"merge_matches":true,"orig_connects":[],"orig_excludes":["*://*.google*/*","*://*.cn/*","*://*.baidu.com/*","*://*.qq.com/*","*://*.bilibili.com/*","*://*.jianshu.com/*","*://*sspai.com/*","*://*zhihu/*","*://*acfun/*","*://*csdn/*","*://*china/*"],"orig_includes":["https://*","http://*"],"orig_matches":["*://*/*"],"orig_noframes":null,"orig_run_at":"document-idle","use_blockers":[],"use_connects":[],"use_excludes":[],"use_includes":[],"use_matches":[]},"run_at":null,"tab_types":null,"unwrap":null},"settings":{"enabled":true,"position":87},"meta":{"name":"网页翻译-彩云小译","uuid":"d2969d2c-c066-4997-ab6d-f1d31d90318c","modified":1659538231432,"file_url":"https://greasyfork.org/scripts/440290-%E7%BD%91%E9%A1%B5%E7%BF%BB%E8%AF%91-%E5%BD%A9%E4%BA%91%E5%B0%8F%E8%AF%91/code/%E7%BD%91%E9%A1%B5%E7%BF%BB%E8%AF%91-%E5%BD%A9%E4%BA%91%E5%B0%8F%E8%AF%91.user.js"}}