{"options":{"check_for_updates":true,"comment":null,"compat_foreach":false,"compat_metadata":false,"compat_powerful_this":null,"compat_prototypes":false,"compat_wrappedjsobject":false,"compatopts_for_requires":true,"noframes":null,"override":{"merge_connects":true,"merge_excludes":true,"merge_includes":true,"merge_matches":true,"orig_excludes":["*www.bilibili.com/video*","*www.bilibili.com/v*","*www.bilibili.com/bangumi*","*www.youtube.com/watch*","*www.panda.tv*"],"orig_includes":[],"orig_matches":["*://*/*"],"orig_noframes":null,"orig_run_at":"document-start","use_blockers":[],"use_connects":[],"use_excludes":[],"use_includes":[],"use_matches":[]},"run_at":null,"tab_types":null,"unwrap":null},"settings":{"enabled":true,"position":16},"meta":{"name":"网页是如何改动的","uuid":"909cbc9c-214d-43d3-89b5-e1e4b8f12c9f","modified":1602771776696,"file_url":"https://greasyfork.org/scripts/413179-%E7%BD%91%E9%A1%B5%E6%98%AF%E5%A6%82%E4%BD%95%E6%94%B9%E5%8A%A8%E7%9A%84/code/%E7%BD%91%E9%A1%B5%E6%98%AF%E5%A6%82%E4%BD%95%E6%94%B9%E5%8A%A8%E7%9A%84.user.js"}}