{"options":{"check_for_updates":true,"comment":null,"compat_foreach":false,"compat_metadata":false,"compat_powerful_this":null,"compat_wrappedjsobject":false,"compatopts_for_requires":true,"noframes":null,"override":{"merge_connects":true,"merge_excludes":true,"merge_includes":true,"merge_matches":true,"orig_connects":[],"orig_excludes":[],"orig_includes":[],"orig_matches":["*://*.blog.csdn.net/*","*://blog.csdn.net/*","*://ask.csdn.net/questions/*","*://*.it1352.com/*","*://*.jb51.cc/*","*://*.jianshu.com/*","*://www.zhihu.com/question/*","*://jingyan.baidu.com/article*","*://zhidao.baidu.com/question*","*://baike.baidu.com/item/*","*://tieba.baidu.com/p*","*://wk.baidu.com/view/*","*://tanbi.baidu.com/h5apptopic/browse/*","*://baijiahao.baidu.com/s*","*://mbd.baidu.com/newspage/data/*","*://news.baidu.com/news*","*://m.baidu.com/sf_baijiahao/*","*://*.sina.cn/*","*://3g.163.com/*","*://*.sohu.com/a/*","*://view.inews.qq.com/*","*://*.ifeng.com/*","*://m.thepaper.cn/newsDetail_forward*","*://m.bjnews.com.cn/detail/*","*://*.huanqiu.com/article/*","*://3w.huanqiu.com/a/*","*://3g.dxy.cn/*","*://www.cn-healthcare.com/*","*://www.bilibili.com/read/mobile*","*://weibo.com/ttarticle/p/show?id=*","*://m.douban.com/book/review/*","*://m.douban.com/group/topic/*","*://www.oschina.net/p/*","*://developer.aliyun.com/article/*","*://cloud.tencent.com/developer/article/*","*://www.360doc.cn/article/*","*://www.360doc.com/content/*","*://g.pconline.com.cn/x/*","*://m.zol.com.cn/article/*","*://m.autohome.com.cn/news/*","*://chejiahao.m.autohome.com.cn/info/*","*://club.m.autohome.com.cn/bbs/*","*://3g.ali213.net/*","*://wenda.so.com/q/*","*://m.wenda.so.com/q/*","*://n.tianyancha.com/content/*","*://bbs.tianya.cn/m/*","*://wap.eastmoney.com/a/*","*://mguba.eastmoney.com/*","*://emcreative.eastmoney.com/*","*://blog.didispace.com/*","*://*.wang1314.com/doc/*","*://*.k4china.com/*","*://www.tofacebook.com/*"],"orig_noframes":null,"orig_run_at":"document-body","use_blockers":[],"use_connects":[],"use_excludes":[],"use_includes":[],"use_matches":[]},"run_at":null,"sandbox":null,"tab_types":null,"unwrap":null},"settings":{"enabled":true,"position":101},"meta":{"name":"自动展开","uuid":"42b84d53-57b7-41cd-a561-9c2472c75096","modified":1678587675506,"file_url":"https://greasyfork.org/scripts/438656-%E8%87%AA%E5%8A%A8%E5%B1%95%E5%BC%80/code/%E8%87%AA%E5%8A%A8%E5%B1%95%E5%BC%80.user.js"}}