{"options":{"check_for_updates":true,"comment":null,"compat_foreach":false,"compat_metadata":false,"compat_powerful_this":null,"compat_wrappedjsobject":false,"compatopts_for_requires":true,"noframes":null,"override":{"merge_connects":true,"merge_excludes":true,"merge_includes":true,"merge_matches":true,"orig_connects":[],"orig_excludes":[],"orig_includes":[],"orig_matches":["https://*/*"],"orig_noframes":null,"orig_run_at":"document-start","use_blockers":[],"use_connects":[],"use_excludes":[],"use_includes":[],"use_matches":[]},"run_at":null,"sandbox":null,"tab_types":null,"unwrap":null},"settings":{"enabled":false,"position":103},"meta":{"name":"视频倍速","uuid":"60b9486b-0f9d-4fd6-85fa-fcc4a751e589","modified":1673779136645,"file_url":"https://greasyfork.org/scripts/458247-%E8%A7%86%E9%A2%91%E5%80%8D%E9%80%9F/code/%E8%A7%86%E9%A2%91%E5%80%8D%E9%80%9F.user.js"}}