{"options":{"check_for_updates":true,"comment":null,"compat_foreach":false,"compat_metadata":false,"compat_powerful_this":null,"compat_wrappedjsobject":false,"compatopts_for_requires":true,"noframes":null,"override":{"merge_connects":true,"merge_excludes":true,"merge_includes":true,"merge_matches":true,"orig_connects":["static.doc88.com"],"orig_excludes":["*://login.taobao.com/*","*://pages.tmall.com/*","*://uland.taobao.com"],"orig_includes":[],"orig_matches":["*://wenku.baidu.com/view/*","*://wenku.baidu.com/share/*","*://wenku.baidu.com/link*","*://wenku.baidu.com/ndPureView/*","*://www.51test.net/show/*","*://www.xuexi.la/*","*://taodocs.com/*","*://www.xuexila.com/*","*://www.cspengbo.com/*","*://*.doc88.com/*","*://segmentfault.com/*","*://wk.baidu.com/view/*","*://leetcode-cn.com/problems/*","*://www.zhihu.com/*","*://z.30edu.com.cn/*","*://docs.qq.com/doc/*","*://boke112.com/post/*","*://www.yuque.com/*","*://www.commandlinux.com/*","*://*.diyifanwen.com/*","*://*.mbalib.com/*","*://*.cnitpm.com/*","*://bbs.mihoyo.com/ys/*","*://*.ruiwen.com/*","*://www.uemeds.cn/*","*://www.oh100.com/*","*://www.aiyuke.com/news/*","*://www.fwsir.com/*","*://www.wenxm.cn/*","*://www.unjs.com/*","*://www.ahsrst.cn/*","*://*.yjbys.com/*","*://*.qidian.com/*","*://*.zongheng.com/*","*://*.17k.com/*","*://*.ciweimao.com/*","*://book.qq.com/*","*://*.360doc.com/content/*","*://*.850500.com/news/*","*://utaten.com/lyric/*","*://*.jianbiaoku.com/*","*://*.kt250.com/*","*://www.kejudati.com/*","*://*.xiaohongshu.com/discovery/*","*://*.baibeike.com/*","*://*.blog.csdn.net/*","*://*.bilibili.com/read/*","*://*.cnki.net/KXReader/*","*://*.cnrencai.com/*","*://*.kodiplayer.cn/*","*://tongxiehui.net/*","*://*.jianshu.com/p/*","*://*.linovelib.com/novel/*","*://*.wjx.cn/*","*://*.wjx.top/*","*://*.chazidian.com/*","*://*.juejin.cn/post/*","*://*.zgbk.com/ecph/*","*://*.wenmi.com/article/*","*://yuedu.baidu.com/*","*://www.inrrp.com.cn/*","*://fanyi.baidu.com/mtpe/*","*://www.shubaoc.com/*","*://blog.51cto.com/*","*://www.ximalaya.com/*","*://*.tianqi.com/*","*://*.xiexiebang.com/*","*://*.docin.com/*","*://item.taobao.com/*","*://*detail.tmall.com/*","*://*detail.tmall.hk/*","*://*.taobao.com/*","*://*.tmall.com/*","*://*.tmall.hk/*","*://*.liangxinyao.com/*","*://*.taobao.com/*","*://*.tmall.com/*","*://*.tmall.hk/*","*://*.jd.com/*","*://*.jd.hk/*","*://*.jkcsjd.com/*","*://*.yiyaojd.com/*","*://*.liangxinyao.com/*"],"orig_noframes":null,"orig_run_at":"document-start","use_blockers":[],"use_connects":[],"use_excludes":[],"use_includes":[],"use_matches":[]},"run_at":null,"sandbox":null,"tab_types":null,"unwrap":null},"settings":{"enabled":true,"position":100},"meta":{"name":"解除各大文库网站不能复制的限制","uuid":"b2cd5748-eb77-49a8-8f85-4a5973dcd966","modified":1678587683519,"file_url":"https://greasyfork.org/scripts/426502-%E8%A7%A3%E9%99%A4%E5%90%84%E5%A4%A7%E6%96%87%E5%BA%93%E7%BD%91%E7%AB%99%E4%B8%8D%E8%83%BD%E5%A4%8D%E5%88%B6%E7%9A%84%E9%99%90%E5%88%B6/code/%E8%A7%A3%E9%99%A4%E5%90%84%E5%A4%A7%E6%96%87%E5%BA%93%E7%BD%91%E7%AB%99%E4%B8%8D%E8%83%BD%E5%A4%8D%E5%88%B6%E7%9A%84%E9%99%90%E5%88%B6.user.js"}}