{"options":{"check_for_updates":true,"comment":null,"compat_foreach":false,"compat_metadata":false,"compat_powerful_this":null,"compat_prototypes":false,"compat_wrappedjsobject":false,"compatopts_for_requires":true,"noframes":null,"override":{"merge_connects":true,"merge_excludes":true,"merge_includes":true,"merge_matches":true,"orig_excludes":[],"orig_includes":[],"orig_matches":["http*://cqrl.21tb.com/els/html/courseStudyItem/courseStudyItem.learn.do*"],"orig_noframes":null,"orig_run_at":"document-idle","use_blockers":[],"use_connects":[],"use_excludes":[],"use_includes":[],"use_matches":[]},"run_at":null,"tab_types":null,"unwrap":null},"settings":{"enabled":true,"position":33},"meta":{"name":"重庆继续教育小节自动播放","uuid":"73fa31d8-f9fc-432d-8442-7e014d87e2d5","modified":1629291489945,"file_url":"https://greasyfork.org/scripts/390055-%E9%87%8D%E5%BA%86%E7%BB%A7%E7%BB%AD%E6%95%99%E8%82%B2%E9%80%89%E4%BF%AE%E5%B0%8F%E8%8A%82%E8%87%AA%E5%8A%A8%E6%92%AD%E6%94%BE/code/%E9%87%8D%E5%BA%86%E7%BB%A7%E7%BB%AD%E6%95%99%E8%82%B2%E9%80%89%E4%BF%AE%E5%B0%8F%E8%8A%82%E8%87%AA%E5%8A%A8%E6%92%AD%E6%94%BE.user.js"}}