{"options":{"check_for_updates":true,"comment":null,"compat_foreach":false,"compat_metadata":false,"compat_powerful_this":null,"compat_prototypes":false,"compat_wrappedjsobject":false,"compatopts_for_requires":true,"noframes":null,"override":{"merge_connects":true,"merge_excludes":true,"merge_includes":true,"merge_matches":true,"orig_connects":[],"orig_excludes":[],"orig_includes":[],"orig_matches":["https://www.kdocs.cn/l/*"],"orig_noframes":null,"orig_run_at":"document-idle","use_blockers":[],"use_connects":[],"use_excludes":[],"use_includes":[],"use_matches":[]},"run_at":null,"tab_types":null,"unwrap":null},"settings":{"enabled":true,"position":89},"meta":{"name":"金山文档解除复制限制","uuid":"f652415d-a2c3-4963-83a8-b48e4082e577","modified":1660130882349,"file_url":"https://greasyfork.org/scripts/449305-%E9%87%91%E5%B1%B1%E6%96%87%E6%A1%A3%E8%A7%A3%E9%99%A4%E5%A4%8D%E5%88%B6%E9%99%90%E5%88%B6/code/%E9%87%91%E5%B1%B1%E6%96%87%E6%A1%A3%E8%A7%A3%E9%99%A4%E5%A4%8D%E5%88%B6%E9%99%90%E5%88%B6.user.js"}}