{"options":{"check_for_updates":true,"comment":null,"compat_foreach":false,"compat_metadata":false,"compat_powerful_this":null,"compat_prototypes":false,"compat_wrappedjsobject":false,"compatopts_for_requires":true,"noframes":null,"override":{"merge_connects":true,"merge_excludes":true,"merge_includes":true,"merge_matches":true,"orig_excludes":["https://www.baidu.com/*","*://tieba.baidu.com/*","*://pan.baidu.com/*"],"orig_includes":[],"orig_matches":["https://*.csdn.net/*","*://*.github.io/*","*://*.jianshu.com/p/*","*://m.sohu.com/a/*","*://*.xz577.com/*","*://*.javascriptcn.com/*","*://*.baidu.com/*","*://*.iteye.com/*","*://*.720ui.com/*","*://*.goodreads.com/book/show/*","*://www.wukong.com/question/*","*://cloud.tencent.com/*","*://m.leju.com/*","*://*.didispace.com/*","*://*.sina.cn/*","*://*.toutiao.com/*","*://weibo.com/ttarticle/p/show*","*://card.weibo.com/article/m/show/id/*","*://3g.163.com/*","*://*.*.163.com/news/*","*://*.inews.qq.com/*","*://*.36kr.com/p/*","*://*.elecfans.com/*","*://inews.qq.com/*","*://xw.qq.com/*","*://blog.51cto.com/*","*://*.zhihu.com/question/*","*://*.guokr.com/*","*://*.awesomes.cn/*","*://*.javazhiyin.com/*","*://m.hupu.com/bbs/*","*://bugstack.cn/md/*","*://wap.peopleapp.com/article/*","*://jingyan.baidu.com/article/*","*://*.ifeng.com/c/*","*://*.360doc.com/content/*","*://www.hi-linux.com/posts/*"],"orig_noframes":null,"orig_run_at":"document-idle","use_blockers":[],"use_connects":[],"use_excludes":[],"use_includes":[],"use_matches":[]},"run_at":null,"tab_types":null,"unwrap":null},"settings":{"enabled":true,"position":18},"meta":{"name":"阅读全文、自动展开全文、自动移除万恶弹框","uuid":"625cb641-dadf-45ff-8489-470f6e32ba10","modified":1643787863650,"file_url":"https://greasyfork.org/scripts/414010-%E9%98%85%E8%AF%BB%E5%85%A8%E6%96%87/code/%E9%98%85%E8%AF%BB%E5%85%A8%E6%96%87.user.js"}}