{"options":{"check_for_updates":true,"comment":null,"compat_foreach":false,"compat_metadata":false,"compat_powerful_this":null,"compat_prototypes":false,"compat_wrappedjsobject":false,"compatopts_for_requires":true,"noframes":null,"override":{"merge_connects":true,"merge_excludes":true,"merge_includes":true,"merge_matches":true,"orig_connects":[],"orig_excludes":[],"orig_includes":[],"orig_matches":["*://*.aliyundrive.com/drive*"],"orig_noframes":null,"orig_run_at":"document-idle","use_blockers":[],"use_connects":[],"use_excludes":[],"use_includes":[],"use_matches":[]},"run_at":null,"tab_types":null,"unwrap":null},"settings":{"enabled":true,"position":72},"meta":{"name":"阿里云盘搜索","uuid":"237e98c2-8118-4105-8953-f16858c7c759","modified":1653700052170,"file_url":"https://greasyfork.org/scripts/444043-%E9%98%BF%E9%87%8C%E4%BA%91%E7%9B%98%E6%90%9C%E7%B4%A2/code/%E9%98%BF%E9%87%8C%E4%BA%91%E7%9B%98%E6%90%9C%E7%B4%A2.user.js"}}