{"options":{"check_for_updates":true,"comment":null,"compat_foreach":false,"compat_metadata":false,"compat_powerful_this":null,"compat_prototypes":false,"compat_wrappedjsobject":false,"compatopts_for_requires":true,"noframes":null,"override":{"merge_connects":true,"merge_excludes":true,"merge_includes":true,"merge_matches":true,"orig_connects":["lc-cn-n1-shared.com","*"],"orig_excludes":[],"orig_includes":[],"orig_matches":["https://www.aliyundrive.com/*"],"orig_noframes":null,"orig_run_at":"document-body","use_blockers":[],"use_connects":[],"use_excludes":[],"use_includes":[],"use_matches":[]},"run_at":null,"tab_types":null,"unwrap":null},"settings":{"enabled":false,"position":60},"meta":{"name":"阿里云盘","uuid":"35a375f5-f682-4ba2-958d-07a6fb1ff59a","modified":1670833672915,"file_url":"https://greasyfork.org/scripts/425955-%E9%98%BF%E9%87%8C%E4%BA%91%E7%9B%98/code/%E9%98%BF%E9%87%8C%E4%BA%91%E7%9B%98.user.js"}}