{"options":{"check_for_updates":true,"comment":null,"compat_foreach":false,"compat_metadata":false,"compat_powerful_this":null,"compat_wrappedjsobject":false,"compatopts_for_requires":true,"noframes":null,"override":{"merge_connects":true,"merge_excludes":true,"merge_includes":true,"merge_matches":true,"orig_connects":[],"orig_excludes":[],"orig_includes":[],"orig_matches":["https://www.aliyundrive.com/*"],"orig_noframes":null,"orig_run_at":"document-idle","use_blockers":[],"use_connects":[],"use_excludes":[],"use_includes":[],"use_matches":[]},"run_at":null,"sandbox":null,"tab_types":null,"unwrap":null},"settings":{"enabled":true,"position":105},"meta":{"name":"阿里云盘助手","uuid":"ddf5b81a-c0cd-4e05-8756-8ec032d22ded","modified":1678589769092,"file_url":"https://greasyfork.org/scripts/458626-%E9%98%BF%E9%87%8C%E4%BA%91%E7%9B%98%E5%8A%A9%E6%89%8B/code/%E9%98%BF%E9%87%8C%E4%BA%91%E7%9B%98%E5%8A%A9%E6%89%8B.user.js"}}