{"options":{"check_for_updates":true,"comment":null,"compat_foreach":false,"compat_metadata":false,"compat_powerful_this":null,"compat_prototypes":false,"compat_wrappedjsobject":false,"compatopts_for_requires":true,"noframes":null,"override":{"merge_connects":true,"merge_excludes":true,"merge_includes":true,"merge_matches":true,"orig_connects":["static.doc88.com","static.doc88.com"],"orig_excludes":[],"orig_includes":["https://www.hihonor.com/*","https://www.ymatou.hk/*","https://www.ymatou.com/*","https://traveldetail.fliggy.com/*","https://traveldetail.fliggy.com/*","http://*.wzhouhui.com/*","https://*.wzhouhui.com/*","http://cn.wemakepricea.com/*","https://cn.wemakeprice.com/*","https://cn.dod.nl/*","http://*.decathlon.com.cn/*","https://*.decathlon.com.cn/*","http://cn.apo.com/*","http://*.ansgo.com/*","https://*.ansgo.com/*","https://*.perfumesclub.cn/*","http://*.net-a-porter.com/*","https://*.net-a-porter.com/*","http://*.kidsroom.cn/*","https://*.kidsroom.cn/*","http://cn.getthelabel.com/*","http://*.farfetch.cn/*","https://*.farfetch.cn/*","http://item.kongfz.com/*","https://item.kongfz.com/*","http://book.kongfz.com/*","https://book.kongfz.com/*","http://cn.iherb.com/*","https://cn.iherb.com/*","http://*.hqhair.com/*","https://*.hqhair.com/*","http://*.wl.cn/*","https://*.wl.cn/*","http://*.columbia.com/*","https://*.columbia.com/*","http://*.columbiasports.cn/*","https://*.columbiasports.cn/*","http://*.ehaoyao.com/*","https://*.ehaoyao.com/*","http://*.bhphotovideo.com/*","https://*.bhphotovideo.com/*","http://*.shoes.com/*","https://*.shoes.com/*","http://*.jomashop.com/*","https://*.jomashop.com/*","http://cn.pharmacydirect.co.nz/*","https://cn.pharmacydirect.co.nz/*","http://*.holland-at-home.com/*","https://*.holland-at-home.com/*","http://cn.holland-at-home.com/*","https://cn.holland-at-home.com/*","http://*.rei.com/*","https://*.rei.com/*","http://item.aomygod.com/*","https://item.aomygod.com/*","http://*.huatuoyf.com/*","https://*.huatuoyf.com/*","http://*.forever21.com/*","https://*.forever21.com/*","http://zh.ashford.com/*","https://zh.ashford.com/*","http://*.bestbuy.com/*","https://*.bestbuy.com/*","http://*.target.com/*","https://*.target.com/*","http://cn.chemistdirect.com.au/*","https://cn.chemistdirect.com.au/*","http://*.ba.de/*","https://*.ba.de/*","http://m.wandougongzhu.cn/*","https://m.wandougongzhu.cn/*","http://cn.feelunique.com/*","https://cn.feelunique.com/*","http://shop.dixintong.com/*","https://shop.dixintong.com/*","http://cn.pharmacyonline.com.au/*","https://cn.pharmacyonline.com.au/*","http://cn.discount-apotheke.de/*","https://cn.discount-apotheke.de/*","http://*.carters.com/*","http://*.katespade.co.uk/*","https://*.katespade.co.uk/*","http://*.katespade.cn/*","https://*.katespade.cn/*","http://*.beautybay.com/*","https://*.beautybay.com/*","http://cn.pharmacy4less.com.au/*","https://cn.pharmacy4less.com.au/*","http://*.newegg.com/*","https://*.newegg.com/*","http://*.newbalance.com/*","https://*.newbalance.com/*","http://*.bodybuilding.com/*","https://*.bodybuilding.com/*","http://*.ssnewyork.com/*","https://*.ssnewyork.com/*","http://*.wine9.com/*","https://*.wine9.com/*","http://*.kohls.com/*","https://*.kohls.com/*","http://*.gnc.com/*","https://*.gnc.com/*","http://*.qw.cc/*","https://*.qw.cc/*","http://*.haiershui.com/*","https://*.haiershui.com/*","http://*.ugg.com/*","http://*.ugg.com/*","http://*.ugg.cn/*","https://*.ugg.cn/*","http://*.yoger.com.cn/*","https://*.yoger.com.cn/*","http://*.flyco.com/*","https://*.flyco.com/*","http://*.yfdyf.com/*","https://*.yfdyf.com/*","http://*.joesnewbalanceoutlet.com/*","https://*.joesnewbalanceoutlet.com/*","http://*.jomoo.com.cn/*","https://*.jomoo.com.cn/*","http://*.dapu.com/*","https://*.dapu.com/*","http://china.coach.com/*","https://china.coach.com/*","http://*.shanmai.cn/*","https://*.shanmai.cn/*","http://*.fengbuy.com/*","https://*.fengbuy.com/*","http://*.t10.com/*","https://*.t10.com/*","http://cn.amcal.com.au/*","https://cn.amcal.com.au/*","http://cn.babyhaven.com/*","https://cn.babyhaven.com/*","http://*.51taouk.com/*","https://*.51taouk.com/*","http://*.usashopcn.com/*","https://*.usashopcn.com/*","http://*.petit-bateau.us/*","https://*.petit-bateau.us/*","http://*.tlcpharmacy.cn.com/*","https://*.tlcpharmacy.cn.com/*","http://*.km1818.com/*","https://*.km1818.com/*","http://*.bienmanger.cn/*","https://*.bienmanger.cn/*","http://*.syshop.com/*","https://*.syshop.com/*","http://*.qipaimall.com/*","https://*.qipaimall.com/*","http://mall.goumin.com/*","https://mall.goumin.com/*","http://*.taohwu.com/*","https://*.taohwu.com/*","http://*.xmeise.com/*","https://*.xmeise.com/*","http://*.septwolves.cn/*","https://*.septwolves.cn/*","http://*.kiehls.com/*","https://*.kiehls.com/*","http://*.puzeyf.com/*","https://*.puzeyf.com/*","http://*.aizhigu.com.cn/*","https://*.aizhigu.com.cn/*","http://*.hecha.cn/*","https://*.hecha.cn/*","http://*.zgshoes.com/*","https://*.zgshoes.com/*","http://cn.takeya.co.jp/*","https://cn.takeya.co.jp/*","http://*.shoprobam.com/*","https://*.shoprobam.com/*","http://*.opplestore.com/*","https://*.opplestore.com/*","http://*.maichawang.com/*","https://*.maichawang.com/*","http://*.bose.com/*","https://*.bose.com/*","http://dewaren.com/*","https://dewaren.com/*","http://*.winona.cn/*","https://*.winona.cn/*","http://*.motorola.com.cn/*","https://*.motorola.com.cn/*","http://*.danielwellington.cn/*","https://*.danielwellington.cn/*","http://*.danielwellington.com/*","https://*.danielwellington.com/*","http://youhui.pinduoduo.com/*","https://youhui.pinduoduo.com/*","http://*.yangkeduo.com/*","https://*.yangkeduo.com/*","http://*.finishline.com/*","https://*.finishline.com/*","http://*.skinstore.com/*","https://*.skinstore.com/*","http://item.wjike.com/*","https://item.wjike.com/*","http://youpin.mi.com/*","https://youpin.mi.com/*","http://*.xiaomiyoupin.com/*","https://*.xiaomiyoupin.com/*","http://store.steampowered.com/*","https://store.steampowered.com/*","http://*.jialich.cn/*","https://*.jialich.cn/*","http://*.tthigo.com/*","https://*.tthigo.com/*","http://*.modernavenue.com/*","https://*.modernavenue.com/*","http://*.tcl.com/*","https://*.tcl.com/*","http://*.bonjourhk.com/*","https://*.bonjourhk.com/*","http://m.bonjourhk.com/*","https://m.bonjourhk.com/*","http://*.trt.hk/*","https://*.trt.hk/*","http://*.forestfood.com/*","https://*.forestfood.com/*","http://*.converse.com.cn/*","https://*.converse.com.cn/*","http://*.fila.cn/*","https://*.fila.cn/*","http://*.levi.com.cn/*","https://*.levi.com.cn/*","http://*.levi.com/*","https://*.levi.com/*","http://*.hangowa.com/*","https://*.hangowa.com/*","http://*.super-in.com/*","https://*.super-in.com/*","http://*.ccxpet.com/*","https://*.ccxpet.com/*","http://*.360lj.com/*","https://*.360lj.com/*","http://*.hysjg.com/*","https://*.hysjg.com/*","http://*.0061.com.au/*","https://*.0061.com.au/*","http://mall.ecovacs.cn/*","https://mall.ecovacs.cn/*","http://mall.littleswan.com/*","https://mall.littleswan.com/*","https://*.vitagou.hk/*","https://*.vitagou.hk/*","http://*.hpstore.cn/*","https://*.hpstore.cn/*","http://*.kkguan.com/*","https://*.kkguan.com/*","http://*.mayn.com.cn/*","https://*.mayn.com.cn/*","http://*.peikua.com/*","https://*.peikua.com/*","http://item.kinhom.com/*","https://item.kinhom.com/*","http://*.9drug.com/*","https://*.9drug.com/*","http://*.tea7.com/*","https://*.tea7.com/*","http://*.01home.com/*","https://*.01home.com/*","http://*.aliexpress.com/*","https://*.aliexpress.com/*","http://*.easytoys.cn/*","https://*.easytoys.cn/*","http://*.kiwistarcare.com/*","https://*.kiwistarcare.com/*","http://*.carrefour.cn/*","https://*.carrefour.cn/*","http://china.lotte.com/*","https://china.lotte.com/*","http://*.ewatches.com/*","https://*.ewatches.com/*","http://global.timex.com/*","https://global.timex.com/*","http://comfortfirst.com/*","https://comfortfirst.com/*","http://*.luolai.cn/*","https://*.luolai.cn/*","http://*.youyu.com/*","https://*.youyu.com/*","http://*.yoox.cn/*","https://*.yoox.cn/*","http://store.yoox.cn/*","https://store.yoox.cn/*","http://*.suanjuzi.com/*","https://*.suanjuzi.com/*","http://*.yao123.com/*","https://*.yao123.com/*","http://item.baobeigezi.com/*","https://item.baobeigezi.com/*","http://*.baobeigezi.com/*","https://*.baobeigezi.com/*","http://*.opposhop.cn/*","https://*.opposhop.cn/*","http://store.oppo.com/*","https://store.oppo.com/*","http://*.oppo.com/*","https://*.oppo.com/*","http://hd.oppo.com/*","https://hd.oppo.com/*","http://mall.to8to.com/*","https://mall.to8to.com/*","http://item.yunhou.com/*","https://item.yunhou.com/*","http://item.yhd.com/*","https://item.yhd.com/*","http://*.haituncun.com/*","https://*.haituncun.com/*","http://*.walmart.com/*","https://*.walmart.com/*","http://*.vmei.com/*","https://*.vmei.com/*","http://*.jgb.cn/*","https://*.jgb.cn/*","http://*.51din.com/*","https://*.51din.com/*","http://*.aidai.com/*","https://*.aidai.com/*","http://shop.boqii.com/*","https://shop.boqii.com/*","http://*.spider.com.cn/*","https://*.spider.com.cn/*","http://*.jiae.com/*","https://*.jiae.com/*","http://*.zazhipu.com/*","https://*.zazhipu.com/*","http://*.shop.philips.com.cn/*","https://*.shop.philips.com.cn/*","http://tuan.zhongjiu.cn/*","https://tuan.zhongjiu.cn/*","http://*.zhongjiu.cn/*","https://*.zhongjiu.cn/*","http://*.kaluli.com/*","https://*.kaluli.com/*","http://shop.wstx.com/*","https://shop.wstx.com/*","http://*.purcotton.com/*","https://*.purcotton.com/*","http://shop.juanpi.com/*","https://shop.juanpi.com/*","http://*.jinxiang.com/*","https://*.jinxiang.com/*","http://*.163.com/*","https://*.163.com/*","http://*.guojimami.com/*","https://*.guojimami.com/*","http://*.baiyangwang.com/*","https://*.baiyangwang.com/*","http://cn.royyoungchemist.com.au/*","https://cn.royyoungchemist.com.au/*","http://cn.medihealshop.com/*","https://cn.medihealshop.com/*","http://*.medihealshop.com/*","https://*.medihealshop.com/*","http://cn.1001pharmacies.com/*","https://cn.1001pharmacies.com/*","http://*.lookfantastic.cn/*","https://*.lookfantastic.cn/*","http://*.lookfantastic.com/*","https://*.lookfantastic.com/*","http://you.163.com/*","https://you.163.com/*","http://product.bl.com/*","https://product.bl.com/*","http://*.bestinfoods.com/*","https://*.bestinfoods.com/*","http://*.muji.net/*","https://*.mujli.net/*","http://*.easeeyes.com/*","https://*.easeeyes.com/*","http://*.lingshi.com/*","https://*.lingshi.com/*","http://*.nubia.com/*","https://*.nubia.com/*","http://shop.nubia.com/*","https://shop.nubia.com/*","http://*.nubia.cn/*","https://*.nubia.cn/*","http://*.kzj365.com/*","https://*.kzj365.com/*","http://*.kaola.com/*","https://*.kaola.com/*","http://*.kaola.com.hk/*","https://*.kaola.com.hk/*","http://*.kaola.com.hk/*","https://*.kaola.com.hk/*","http://*.ymatou.com/*","https://*.ymatou.com/*","http://detail.metao.com/*","https://detail.metao.com/*","http://*.coocaa.com/*","https://*.coocaa.com/*","http://*.lifevc.com/*","https://*.lifevc.com/*","http://*.supuy.com/*","https://*.supuy.com/*","http://*.supumall.com/*","https://*.supumall.com/*","http://*.mia.com/*","https://*.mia.com/*","http://miyabaobei.hk/*","https://miyabaobei.hk/*","http://*.miyabaobei.hk/*","https://*.miyabaobei.hk/*","http://item.gomehigo.hk/*","https://item.gomehigo.hk/*","http://*.wangfujing.com/*","https://*.wangfujing.com/*","http://global.gou.com/*","https://global.gou.com/*","http://*.gou.com/*","https://*.gou.com/*","http://*.ikjtao.com/*","https://*.ikjtao.com/*","http://*.bestkeep.cn/*","https://*.bestkeep.cn/*","http://*.ule.com/*","https://*.ule.com/*","http://shop.philips.com.cn/*","https://shop.philips.com.cn/*","http://shop.tcl.com/*","https://shop.tcl.com/*","http://mall.tcl.com/*","https://mall.tcl.com/*","http://*.e-changhong.com/*","https://*.e-changhong.com/*","http://shop.konka.com/*","https://shop.konka.com/*","http://shop.hisense.com/*","https://shop.hisense.com/*","http://*.hisense.com/*","https://*.hisense.com/*","http://*.ineigo.com/*","https://*.ineigo.com/*","http://*.skg.com/*","https://*.skg.com/*","http://*.oyeah.com/*","https://*.oyeah.com/*","http://*.morefood.com/*","https://*.morefood.com/*","http://*.zhen.com/*","https://*.zhen.com/*","http://shop.vivo.com.cn/*","https://shop.vivo.com.cn/*","http://gfive.b2c.eqimingxing.com/*","https://gfive.b2c.eqimingxing.com/*","http://*.6pm.com/*","https://*.6pm.com/*","http://shop.gionee.com/*","https://shop.gionee.com/*","http://z.gionee.com/*","https://z.gionee.com/*","http://store.lining.com/*","https://store.lining.com/*","http://*.mf910.com/*","https://*.mf910.com/*","http://*.k-touch.cn/*","https://*.k-touch.cn/*","http://item.grainger.cn/*","https://item.grainger.cn/*","http://piao.163.com/*","https://piao.163.com/*","http://mall.163.com/*","https://mall.163.com/*","http://detail.yao.95095.com/*","https://detail.yao.95095.com/*","http://*.ebay.com/*","https://*.ebay.com/*","http://*.100yue.com/*","https://*.100yue.com/*","http://*.feiniu.com/*","https://*.feiniu.com/*","http://*.lemall.com/*","https://*.lemall.com/*","http://item.feiniu.com/*","https://item.feiniu.com/*","http://*.xgbaby.com/*","https://*.xgbaby.com/*","http://*.zuipin.cn/*","https://*.zuipin.cn/*","http://item.feifei.cn/*","https://item.feifei.cn/*","http://*.feifei.com/*","https://*.feifei.com/*","http://guang.com/*","https://guang.com/*","http://*.haitaocheng.com/*","https://*.haitaocheng.com/*","http://*.rrs.com/*","https://*.rrs.com/*","http://*.rrsjk.com/*","https://*.rrsjk.com/*","http://shop.ccb.com/*","https://shop.ccb.com/*","http://*.meilishuo.com/*","https://*.meilishuo.com/*","http://item.meilishuo.com/*","https://item.meilishuo.com/*","http://*.mogujie.com/*","https://*.mogujie.com/*","http://shop.mogu.com/*","https://shop.mogu.com/*","http://shop.mogujie.com/*","https://shop.mogujie.com/*","http://shop.coolpad.com/*","https://shop.coolpad.com/*","http://shop.coolpad.cn/*","https://shop.coolpad.cn/*","http://*.yiguo.com/*","https://*.yiguo.com/*","http://item.wanggou.com/*","https://item.wanggou.com/*","http://mall.jia.com/*","https://mall.jia.com/*","http://*.jiumei.com/*","https://*.jiumei.com/*","http://weigou.baidu.com/*","https://weigou.baidu.com/*","http://shop.letv.com/*","https://shop.letv.com/*","http://*.xiaomi.com/*","https://*.xiaomi.com/*","http://item.mi.com/*","https://item.mi.com/*","http://*.mi.com/*","https://*.mi.com/*","http://*.handu.com/*","https://*.handu.com/*","http://*.yummy77.com/*","https://*.yummy77.com/*","http://*.fruitday.com/*","https://*.fruitday.com/*","http://*.benlai.com/*","https://*.benlai.com/*","http://taoshu.com/*","https://taoshu.com/*","http://*.meilele.com/*","https://*.meilele.com/*","http://*.gjw.com/*","https://*.gjw.com/*","http://*.oneplus.com/*","https://*.oneplus.com/*","http://store.apple.com/*","https://store.apple.com/*","http://*.apple.com/*","https://*.apple.com/*","http://*.apple.com.cn/*","https://*.apple.com.cn/*","http://*.j1.com/*","https://*.j1.com/*","http://miao.j1.com/*","https://miao.j1.com/*","http://*.zzl365.com/*","https://*.zzl365.com/*","http://mobile.139shop.com/*","https://mobile.139shop.com/*","http://139shop.com/*","https://139shop.com/*","http://*.yiwugou.com/*","https://*.yiwugou.com/*","http://*.zhiwo.com/*","https://*.zhiwo.com/*","http://*.miqi.cn/*","https://*.miqi.cn/*","http://*.miqi.cn/*","https://*.miqi.cn/*","http://*.camel.com.cn/*","https://*.camel.com.cn/*","http://*.kuaishubao.com/*","https://*.kuaishubao.com/*","http://*.juegg.com/*","https://*.juegg.com/*","http://mall.10010.com/*","https://mall.10010.com/*","http://*.wowsai.com/*","https://*.wowsai.com/*","http://*.tianpin.com/*","https://*.tianpin.com/*","http://*.tootoo.cn/*","https://*.tootoo.cn/*","http://item.minshengec.com/*","https://item.minshengec.com/*","http://*.sfbest.com/*","https://*.sfbest.com/*","http://ht.sfbest.hk/*","https://ht.sfbest.hk/*","http://shop.lenovo.com.cn/*","https://shop.lenovo.com.cn/*","http://*.lenovo.com.cn/*","https://*.lenovo.com.cn/*","http://shop.lenovomobile.com/*","https://shop.lenovomobile.com/*","http://*.lenovomobile.com/*","https://*.lenovomobile.com/*","http://*.lenovo.com.cn/*","https://*.lenovo.com.cn/*","http://thinkpad.lenovo.com.cn/*","https://thinkpad.lenovo.com.cn/*","http://*.vmall.com/*","https://*.vmall.com/*","http://*.ihush.com/*","https://*.ihush.com/*","http://*.fclub.cn/*","https://*.fclub.cn/*","http://item.yohobuy.com/*","https://item.yohobuy.com/*","http://*.yohobuy.com/*","https://*.yohobuy.com/*","http://*.fclub.cn/*","https://*.fclub.cn/*","http://ju.taobao.com/*","https://ju.taobao.com/*","http://*.tmall.com/*","https://*.tmall.com/*","http://detail.liangxinyao.com/*","https://detail.liangxinyao.com/*","http://world.tmall.com/*","https://world.tmall.com/*","http://detail.tmall.hk/*","https://detail.tmall.hk/*","http://*.taobao.com/*","https://*.taobao.com/*","http://2.taobao.com/*","https://2.taobao.com/*","http://ai.taobao.com/*","https://ai.taobao.com/*","http://chaoshi.detail.tmall.com/*","https://chaoshi.detail.tmall.com/*","http://detail.ju.taobao.com/*","https://detail.ju.taobao.com/*","http://*.vipshop.com/*","https://*.vipshop.com/*","http://*.vip.com/*","https://*.vip.com/*","http://tuan.lefeng.com/*","https://tuan.lefeng.com/*","http://*.lefeng.com/*","https://*.lefeng.com/*","http://*.jxdyf.com/*","https://*.jxdyf.com/*","http://*.jxdyf.com/*","https://*.jxdyf.com/*","http://*.tnice.com/*","https://*.tnice.com/*","http://auction1.paipai.com/*","https://auction1.paipai.com/*","http://item.xinbaigo.com/*","https://item.xinbaigo.com/*","http://*.orbis.com.cn/*","https://*.orbis.com.cn/*","http://*.sfht.com/*","https://*.sfht.com/*","http://*.d1.com.cn/*","https://*.d1.com.cn/*","http://*.chazuo.com/*","https://*.chazuo.com/*","http://*.u1baby.com/*","https://*.u1baby.com/*","http://*.homevv.com/*","https://*.homevv.com/*","http://*.paixie.net/*","https://*.paixie.net/*","http://tuan.paixie.net/*","https://tuan.paixie.net/*","http://faxian.paixie.net/*","https://faxian.paixie.net/*","http://*.tao3c.com/*","https://*.tao3c.com/*","http://*.zm7.cn/*","https://*.zm7.cn/*","http://s.etao.com/*","https://s.etao.com/*","http://product.pchouse.com.cn/*","https://product.pchouse.com.cn/*","http://buy.daphne.cn/*","https://buy.daphne.cn/*","http://*.lucemall.com.cn/*","https://*.lucemall.com.cn/*","http://*.easy361.com/*","https://*.easy361.com/*","http://item.360hqb.com/*","https://item.360hqb.com/*","http://q.360hqb.com/*","https://q.360hqb.com/*","http://*.goujiuwang.com/*","https://*.goujiuwang.com/*","http://*.huimai365.com/*","https://*.huimai365.com/*","http://*.jiuxian.com/*","https://*.jiuxian.com/*","http://*.winenice.com/*","https://*.winenice.com/*","http://*.yesmywine.com/*","https://*.yesmywine.com/*","http://mall.yesmywine.com/*","https://mall.yesmywine.com/*","http://*.banggo.com/*","https://*.banggo.com/*","http://ploy.banggo.com/*","https://ploy.banggo.com/*","http://*.yanyue.cn/*","https://*.yanyue.cn/*","http://*.bearbuy.com.cn/*","https://*.bearbuy.com.cn/*","http://*.amazon.cn/*","https://*.amazon.cn/*","http://*.amazon.com/*","https://*.amazon.com/*","http://*.amazon.co.uk/*","https://*.amazon.co.uk/*","http://*.amazon.de/*","https://*.amazon.de/*","http://*.amazon.co.jp/*","https://*.amazon.co.jp/*","http://*.amazon.fr/*","https://*.amazon.fr/*","http://*.amazon.ca/*","https://*.amazon.ca/*","http://*.amazon.it/*","https://*.amazon.it/*","http://*.amazon.es/*","https://*.amazon.es/*","http://*.dangdang.com/*","https://*.dangdang.com/*","http://*.globaldangdang.hk/*","https://*.globaldangdang.hk/*","http://z.jd.com/*","https://z.jd.com/*","http://item.jd.com/*","https://item.jd.com/*","http://i-item.jd.com/*","https://i-item.jd.com/*","http://item.paipai.com/*","https://item.paipai.com/*","http://item.yiyaojd.com/*","https://item.yiyaojd.com/*","http://item.jkcsjd.com/*","https://item.jkcsjd.com/*","http://item.jd.hk/*","https://item.jd.hk/*","http://paimai.jd.com/*","https://paimai.jd.com/*","http://*.jd.com/*","https://*.jd.com/*","http://*.jd.hk/*","https://*.jd.hk/*","http://*.360buy.com/*","https://*.360buy.com/*","http://re.jd.com/*","https://re.jd.com/*","http://auction.jd.com/*","https://auction.jd.com/*","http://club.jd.com/*","https://club.jd.com/*","http://*.360top.com/*","https://*.360top.com/*","http://detail.zol.com.cn/*","https://detail.zol.com.cn/*","http://dealer.zol.com.cn/*","https://dealer.zol.com.cn/*","http://*.zol.com/*","https://*.zol.com/*","http://*.fglady.cn/*","https://*.fglady.cn/*","http://*.ouku.com/*","https://*.ouku.com/*","http://*.newegg.comn/*","https://*.newegg.comn/*","http://zhadan.newegg.cn/*","https://zhadan.newegg.cn/*","http://tuan.newegg.cn/*","https://tuan.newegg.cn/*","http://product.kimiss.com/*","https://product.kimiss.com/*","http://*.redbaby.com.cn/*","https://*.redbaby.com.cn/*","http://product.m18.com/*","https://product.m18.com/*","http://list.m18.com/*","https://list.m18.com/*","http://*.m18.com/*","https://*.m18.com/*","http://*.w1.cn/*","https://*.w1.cn/*","http://*.ashford.com/*","https://*.ashford.com/*","http://*.sephora.cn/*","https://*.sephora.cn/*","http://*.lafaso.com/*","https://*.lafaso.com/*","http://*.s.cn/*","https://*.s.cn/*","http://*.51buy.com/*","https://*.51buy.com/*","http://*.51buy.cn/*","https://*.51buy.cn/*","http://*.okbuy.com/*","https://*.okbuy.com/*","http://*.letao.com/*","https://*.letao.com/*","http://*.buy007.com/*","https://*.buy007.com/*","http://*.taoxie.com/*","https://*.taoxie.com/*","http://ju.suning.com/*","https://ju.suning.com/*","http://item.suning.com/*","https://item.suning.com/*","http://*.suning.com/*","https://*.suning.com/*","http://*.suning.cn/*","https://*.suning.cn/*","http://qiang.suning.com/*","https://qiang.suning.com/*","http://product.suning.com/*","https://product.suning.com/*","http://*.suning.com/*","https://*.suning.com/*","http://*.coo8.com/*","https://*.coo8.com/*","http://*.lusen.com/*","https://*.lusen.com/*","http://*.lusen.com/*","https://*.lusen.com/*","http://item.gome.com.cn/*","https://item.gome.com.cn/*","http://tao.gome.com.cn/*","https://tao.gome.com.cn/*","http://q.gome.com.cn/*","https://q.gome.com.cn/*","http://tuan.gome.com.cn/*","https://tuan.gome.com.cn/*","http://*.gomehome.com/*","https://*.gomehome.com/*","http://*.gome.com.cn/*","https://*.gome.com.cn/*","http://*.yhd.com/*","https://*.yhd.com/*","http://*.yihaodian.com/*","https://*.yihaodian.com/*","http://*.1mall.com/*","https://*.1mall.com/*","http://try.yhd.com/*","https://try.yhd.com/*","http://*.womai.com/*","https://*.womai.com/*","http://*.leyou.com.cn/*","https://*.leyou.com.cn/*","http://leleshan.leyou.com.cn/*","https://leleshan.leyou.com.cn/*","http://*.shopin.net/*","https://*.shopin.net/*","http://*.xiu.com/*","https://*.xiu.com/*","http://outlets.xiu.com/*","https://outlets.xiu.com/*","http://ferragamo.xiu.com/*","https://ferragamo.xiu.com/*","http://tuan.xiu.com/*","https://tuan.xiu.com/*","http://item.mbaobao.com/*","https://item.mbaobao.com/*","http://*.mbaobao.com/*","https://*.mbaobao.com/*","http://item.vjia.com/*","https://item.vjia.com/*","http://*.7cv.com/*","https://*.7cv.com/*","http://*.qinqinbaby.com/*","https://*.qinqinbaby.com/*","http://*.chunshuitang.com/*","https://*.chunshuitang.com/*","http://*.x.com.cn/*","https://*.x.com.cn/*","http://*.guopi.com/*","https://*.guopi.com/*","http://*.no5.com.cn/*","https://*.no5.com.cn/*","http://*.sasa.com/*","https://*.sasa.com/*","http://*.sasa.com/*","https://*.sasa.com/*","http://*.hksasa.cn/*","https://*.hksasa.cn/*","http://*.dhc.net.cn/*","https://*.dhc.net.cn/*","http://*.9dadao.com/*","https://*.9dadao.com/*","http://*.360kxr.com/*","https://*.360kxr.com/*","http://*.m6go.com/*","https://*.m6go.com/*","http://*.likeface.com/*","https://*.likeface.com/*","http://*.qxian.com/*","https://*.qxian.com/*","http://*.didamall.com/*","https://*.didamall.com/*","http://*.yaodian100.com/*","https://*.yaodian100.com/*","http://*.yaofang.cn/*","https://*.yaofang.cn/*","http://*.lijiababy.com.cn/*","https://*.lijiababy.com.cn/*","http://99read.com/*","https://99read.com/*","http://product.china-pub.com/*","https://product.china-pub.com/*","http://*.bookschina.com/*","https://*.bookschina.com/*","http://*.efeihu.com/*","https://*.efeihu.com/*","http://tuan.efeihu.com/*","https://tuan.efeihu.com/*","http://*.360mart.com/*","https://*.360mart.com/*","http://*.yintai.com/*","https://*.yintai.com/*","http://item.yintai.com/*","https://item.yintai.com/*","http://*.quwan.com/*","https://*.quwan.com/*","http://*.urcosme.com/*","https://*.urcosme.com/*","http://*.strawberrynet.com/*","https://*.strawberrynet.com/*","http://*.strawberrynet.com/*","https://*.strawberrynet.com/*","http://*.luce.com.cn/*","https://*.luce.com.cn/*","http://*.k121.com/*","https://*.k121.com/*","http://*.happigo.com/*","https://*.happigo.com/*","http://mall.happigo.com/*","https://mall.happigo.com/*","http://*.gap.cn/*","https://*.gap.cn/*","http://*.misslele.com/*","https://*.misslele.com/*","http://*.5lux.com/*","https://*.5lux.com/*","http://*.5lux.com/*","https://*.5lux.com/*","http://*.xiaozhuren.com/*","https://*.xiaozhuren.com/*","http://*.all3c.com/*","https://*.all3c.com/*","http://*.idaphne.com/*","https://*.idaphne.com/*","http://product.pcbaby.com.cn/*","https://product.pcbaby.com.cn/*","http://*.binggo.com/*","https://*.binggo.com/*","http://*.tiantian.com/*","https://*.tiantian.com/*","http://tuan.tiantian.com/*","https://tuan.tiantian.com/*","http://*.xiji.com/*","https://*.xiji.com/*","http://*.xijie.com/*","https://*.xijie.com/*","http://mall.jumei.com/*","https://mall.jumei.com/*","http://pop.jumei.com/*","https://pop.jumei.com/*","http://*.jumei.com/*","https://*.jumei.com/*","http://item.jumei.com/*","https://item.jumei.com/*","http://*.jumeiglobal.com/*","https://*.jumeiglobal.com/*","http://item.jumeiglobal.com/*","https://item.jumeiglobal.com/*","http://buy.caomeipai.com/*","https://buy.caomeipai.com/*","http://*.dahuozhan.com/*","https://*.dahuozhan.com/*","http://*.dazhe.cn/*","https://*.dazhe.cn/*","http://*.huolida.com/*","https://*.huolida.com/*","http://*.12dian.com/*","https://*.12dian.com/*","http://*.yougou.com/*","https://*.yougou.com/*","http://*.yougou.com/*","https://*.yougou.com/*","http://*.111.com.cn/*","https://*.111.com.cn/*","http://*.daoyao.com/*","https://*.daoyao.com/*","http://*.jianke.com/*","https://*.jianke.com/*","http://*.360kad.com/*","https://*.360kad.com/*","http://*.lbxcn.com/*","https://*.lbxcn.com/*","http://book.douban.com/*","https://book.douban.com/*","http://dongxi.douban.com/*","https://dongxi.douban.com/*","http://product.it168.com/*","https://product.it168.com/*","http://product.pconline.com.cn/*","https://product.pconline.com.cn/*","http://product.pcpop.com/*","https://product.pcpop.com/*","http://cosme.pclady.com.cn/*","https://cosme.pclady.com.cn/*","http://brand.yoka.com/*","https://brand.yoka.com/*","http://detail.55bbs.com/*","https://detail.55bbs.com/*","http://hzp.onlylady.com/*","https://hzp.onlylady.com/*","http://*.24dq.com/*","https://*.24dq.com/*","http://*.muyingzhijia.com/*","https://*.muyingzhijia.com/*","http://item.muyingzhijia.com/*","https://item.muyingzhijia.com/*","http://*.houmart.com/*","https://*.houmart.com/*","http://*.onlyts.cn/*","https://*.onlyts.cn/*","http://*.winxuan.com/*","https://*.winxuan.com/*","http://item.winxuan.com/*","https://item.winxuan.com/*","http://detail.bookuu.com/*","https://detail.bookuu.com/*","http://e.bookuu.com/*","https://e.bookuu.com/*","http://wenju.bookuu.com/*","https://wenju.bookuu.com/*","http://book.beifabook.com/*","https://book.beifabook.com/*","http://product.yesky.com/*","https://product.yesky.com/*","http://product.pchome.net/*","https://product.pchome.net/*","http://product.enet.com.cn/*","https://product.enet.com.cn/*","http://*.ruiyi.com/*","https://*.ruiyi.com/*","http://*.ruiyi.cn/*","https://*.ruiyi.cn/*","http://*.rayi.com/*","https://*.rayi.com/*","http://*.rayi.cn/*","https://*.rayi.cn/*","http://*.nop.cn/*","https://*.nop.cn/*","http://product.imobile.com.cn/*","https://product.imobile.com.cn/*","http://product.cnmo.com/*","https://product.cnmo.com/*","http://phone.shouji.com.cn/*","https://phone.shouji.com.cn/*","http://product.tompda.com/*","https://product.tompda.com/*","http://*.3533.com/*","https://*.3533.com/*","http://product.intozgc.com/*","https://product.intozgc.com/*","http://product.chinabyte.com/*","https://product.chinabyte.com/*","http://app.tech.ifeng.com/*","https://app.tech.ifeng.com/*","http://www2.xitek.com/*","https://www2.xitek.com/*","http://product.imp3.net/*","https://product.imp3.net/*","http://*.menglu.com/*","https://*.menglu.com/*","http://*.moonbasa.com/*","https://*.moonbasa.com/*","http://*.ing2ing.com/*","https://*.ing2ing.com/*","http://*.qjherb.com/*","https://*.qjherb.com/*","http://*.korirl.com/*","https://*.korirl.com/*","http://*.alaves.com/*","https://*.alaves.com/*","http://*.0-100s.com/*","https://*.0-100s.com/*","http://*.cherriespie.com/*","https://*.cherriespie.com/*","http://*.clafield.com/*","https://*.clafield.com/*","http://*.baoyeah.com/*","https://*.baoyeah.com/*","http://*.suorang.com/*","https://*.suorang.com/*","http://*.monteamor.com/*","https://*.monteamor.com/*","http://*.rutisher.com/*","https://*.rutisher.com/*","http://*.keede.com/*","https://*.keede.com/*","http://*.kede.com/*","https://*.kede.com/*","http://*.vancl.com/*","https://*.vancl.com/*","http://*.dazhongdianqi.com.cn/*","https://*.dazhongdianqi.com.cn/*","http://*.skinstorechina.com/*","https://*.skinstorechina.com/*","http://item.buy.qq.com/*","https://item.buy.qq.com/*","http://*.zol.com.cn/*","https://*.zol.com.cn/*","http://*.pconline.com.cn/*","https://*.pconline.com.cn/*","http://*.yesky.com/*","https://*.yesky.com/*","http://*.it168.com/*","https://*.it168.com/*","http://*.pcpop.com/*","https://*.pcpop.com/*","http://*.pchome.net/*","https://*.pchome.net/*","http://*.139shop.com/*","https://*.139shop.com/*","http://*.milier.com/*","https://*.milier.com/*","http://*.sportica.cn/*","https://*.sportica.cn/*","http://*.zhenpin.com/*","https://*.zhenpin.com/*","http://*.gaojie.com/*","https://*.gaojie.com/*","http://*.naruko.com.cn/*","https://*.naruko.com.cn/*","http://*.vivian.com/*","https://*.vivian.com/*","http://*.vivian.cn/*","https://*.vivian.cn/*","http://*.masamaso.com/*","https://*.masamaso.com/*","http://*.masamaso.cn/*","https://*.masamaso.cn/*","http://*.linkmasa.com/*","https://*.linkmasa.com/*","http://*.linkmasa.cn/*","https://*.linkmasa.cn/*","http://item.secoo.com/*","https://item.secoo.com/*","http://paimai.secoo.com/*","https://paimai.secoo.com/*","http://sale.secoo.com/*","https://sale.secoo.com/*","http://*.ehaier.com/*","https://*.ehaier.com/*","http://qiji.ehaier.com/*","https://qiji.ehaier.com/*","http://*.handuyishe.com/*","https://*.handuyishe.com/*","http://*.wbiao.cn/*","https://*.wbiao.cn/*","http://*.shangpin.com/*","https://*.shangpin.com/*","http://*.shangpin.hk/*","https://*.shangpin.hk/*","http://*.pba.cn/*","https://*.pba.cn/*","http://*.metromall.cn/*","https://*.metromall.cn/*","http://*.lizi.com/*","https://*.lizi.com/*","http://*.kadang.com/*","https://*.kadang.com/*","http://*.aimer.com.cn/*","https://*.aimer.com.cn/*","http://*.lamiu.com/*","https://*.lamiu.com/*","http://*.esprit.cn/*","https://*.esprit.cn/*","http://*.liebo.com/*","https://*.liebo.com/*","http://*.wangjiu.com/*","https://*.wangjiu.com/*","http://*.xifuquan.com/*","https://*.xifuquan.com/*","http://*.189.cn/*","https://*.189.cn/*","http://*.hicdma.com/*","https://*.hicdma.com/*","http://*.e100.cn/*","https://*.e100.cn/*","http://store.samsung.com/*","https://store.samsung.com/*","http://store.meizu.com/*","https://store.meizu.com/*","http://detail.meizu.com/*","https://detail.meizu.com/*","http://b2c.958shop.com/*","https://b2c.958shop.com/*","http://*.okhqb.com/*","https://*.okhqb.com/*","http://*.ztedevice.com.cn/*","https://*.ztedevice.com.cn/*","http://*.daling.com/*","https://*.daling.com/*","http://item.showjoy.com/*","https://item.showjoy.com/*","http://*.ocj.com.cn/*","https://*.ocj.com.cn/*","http://*.ocj.kr/*","https://*.ocj.kr/*","http://*.lvyoumall.com/*","https://*.lvyoumall.com/*","http://*.kjt.com/*","https://*.kjt.com/*","http://store.logitech.com.cn/*","https://store.logitech.com.cn/*","http://shop.boohee.com/*","https://shop.boohee.com/*","http://*.meici.com/*","https://*.meici.com/*","http://*.beibei.com/*","https://*.beibei.com/*","http://store.nike.com/*","https://store.nike.com/*","http://*.nike.com/*","https://*.nike.com/*","http://*.fengqu.com/*","https://*.fengqu.com/*","http://*.mei.com/*","https://*.mei.com/*","http://*.vsigo.cn/*","https://*.vsigo.cn/*","http://*.sundan.com/*","https://*.sundan.com/*","http://hd.zazhipu.com/*","https://hd.zazhipu.com/*","http://*.microsoftstore.com.cn/*","https://*.microsoftstore.com.cn/*","http://*.xgdq.com/*","https://*.xgdq.com/*","http://*.xtep.com.cn/*","https://*.xtep.com.cn/*","http://*.xtep.com.cn/*","https://*.xtep.com.cn/*","http://*.staples.cn/*","https://*.staples.cn/*","http://mall.midea.com/*","https://mall.midea.com/*","http://*.midea.cn/*","https://*.midea.cn/*","http://www1.macys.com/*","https://www1.macys.com/*","http://cn.shopbop.com/*","https://cn.shopbop.com/*","http://*.hua.com/*","https://*.hua.com/*","http://shop.zhe800.com/*","https://shop.zhe800.com/*","http://*.cosme.com/*","https://*.cosme.com/*","http://*.diapers.com/*","https://*.diapers.com/*","http://*.windeln.de/*","https://*.windeln.de/*","http://*.windeln.com.cn/*","https://*.windeln.com.cn/*","http://*.escentual.com/*","https://*.escentual.com/*","http://*.biccamera.com/*","https://*.biccamera.com/*","http://*.esteelauder.com/*","https://*.esteelauder.com/*","http://*.saksfifthavenue.com/*","https://*.saksfifthavenue.com/*","http://*.thewatchery.com/*","https://*.thewatchery.com/*","http://item.tuhu.com/*","https://item.tuhu.com/*","http://item.tuhu.cn/*","https://item.tuhu.cn/*","http://eshop.htc.com/*","https://eshop.htc.com/*","http://roseonly.com.cn/*","https://roseonly.com.cn/*","http://*.taqu.cn/*","https://*.taqu.cn/*","http://shop.jx.189.cn/*","https://shop.jx.189.cn/*","http://*.bftv.com/*","https://*.bftv.com/*","http://*.axmall.com.au/*","https://*.axmall.com.au/*","http://*.lianjia.com/*","https://*.lianjia.com/*","http://*.ke.com/*","https://*.ke.com/*","http://*.5i5j.com/*","https://*.5i5j.com/*","http://*.lovo.cn/*","https://*.lovo.cn/*","*://wenku.baidu.com/view/*","*://wenku.baidu.com/share/*","*://wenku.baidu.com/link*","*://www.51test.net/show/*","*://www.xuexi.la/*","*://www.xuexila.com/*","*://www.xuexila.com/*","*://www.cspengbo.com/*","*://*.doc88.com/*","*://segmentfault.com/*","*://wk.baidu.com/view/*","*://leetcode-cn.com/problems/*","*://www.zhihu.com/*","*://z.30edu.com.cn/*","*://docs.qq.com/doc/*","*://boke112.com/post/*","*://www.yuque.com/*","*://www.commandlinux.com/*","*://*.diyifanwen.com/*","*://*.mbalib.com/*","*://*.cnitpm.com/*","*://bbs.mihoyo.com/ys/obc/*","*://*.ruiwen.com/*","*://www.uemeds.cn/*","*://www.oh100.com/*","*://www.aiyuke.com/news/*","*://www.fwsir.com/*","*://www.wenxm.cn/*","*://www.unjs.com/*","*://www.ahsrst.cn/*","*://*.yjbys.com/*","*://*.qidian.com/*","*://*.zongheng.com/*","*://*.17k.com/*","*://*.ciweimao.com/*","*://book.qq.com/*","*://*.360doc.com/content/*","*://*.850500.com/news/*","*://utaten.com/lyric/*","*://*.jianbiaoku.com/*","*://*.kt250.com/*","*://www.kejudati.com/*","*://*.xiaohongshu.com/discovery/*","*://*.baibeike.com/*","*://*blog.csdn.net/*","*://*bilibili.com/read/*","*://*.cnki.net/KXReader/*"],"orig_matches":["*://*.taobao.com/*","*://*.jd.com/*","*://npcitem.jd.hk/*","*://*.tmall.com/*","*://detail.vip.com/*","*://pan.baidu.com/*","*://yun.baidu.com/*"],"orig_noframes":null,"orig_run_at":"document-start","use_blockers":[],"use_connects":[],"use_excludes":[],"use_includes":[],"use_matches":[]},"run_at":null,"tab_types":null,"unwrap":null},"settings":{"enabled":false,"position":84},"meta":{"name":"📝文本选中复制|VIP文档免费下载|VIP文库下载器","uuid":"96863cb0-3203-4e31-8c93-f2c530eca6e8","modified":1668076592741,"file_url":"https://greasyfork.org/scripts/446060-%E6%96%87%E6%9C%AC%E9%80%89%E4%B8%AD%E5%A4%8D%E5%88%B6-%E5%AE%8C%E7%BE%8E%E7%89%88/code/%E6%96%87%E6%9C%AC%E9%80%89%E4%B8%AD%E5%A4%8D%E5%88%B6%EF%BC%88%E5%AE%8C%E7%BE%8E%E7%89%88%EF%BC%89.user.js"}}